"COD_UF","NOME_UF","COD_MUNICIPIO","ANO","COD_MESO","NOME_MESO","COD_MICRO","NOME_MICRO","NOME_MUNICIPIO","INDICADOR_207"
25,"Paraíba",250010,1991,2501,"Sertão Paraibano",250107,"Serra do Teixeira","Água Branca",0.267
25,"Paraíba",250010,2010,2501,"Sertão Paraibano",250107,"Serra do Teixeira","Água Branca",0.572
25,"Paraíba",250010,2000,2501,"Sertão Paraibano",250107,"Serra do Teixeira","Água Branca",0.415
25,"Paraíba",250020,2010,2501,"Sertão Paraibano",250105,"Piancó","Aguiar",0.597
25,"Paraíba",250020,1991,2501,"Sertão Paraibano",250105,"Piancó","Aguiar",0.273
25,"Paraíba",250020,2000,2501,"Sertão Paraibano",250105,"Piancó","Aguiar",0.392
25,"Paraíba",250030,1991,2503,"Agreste Paraibano",250315,"Brejo Paraibano","Alagoa Grande",0.322
25,"Paraíba",250030,2010,2503,"Agreste Paraibano",250315,"Brejo Paraibano","Alagoa Grande",0.582
25,"Paraíba",250030,2000,2503,"Agreste Paraibano",250315,"Brejo Paraibano","Alagoa Grande",0.426
25,"Paraíba",250040,2010,2503,"Agreste Paraibano",250315,"Brejo Paraibano","Alagoa Nova",0.576
25,"Paraíba",250040,2000,2503,"Agreste Paraibano",250315,"Brejo Paraibano","Alagoa Nova",0.389
25,"Paraíba",250040,1991,2503,"Agreste Paraibano",250315,"Brejo Paraibano","Alagoa Nova",0.306
25,"Paraíba",250050,2010,2503,"Agreste Paraibano",250316,"Guarabira","Alagoinha",0.595
25,"Paraíba",250050,1991,2503,"Agreste Paraibano",250316,"Guarabira","Alagoinha",0.257
25,"Paraíba",250050,2000,2503,"Agreste Paraibano",250316,"Guarabira","Alagoinha",0.411
25,"Paraíba",250053,1991,2502,"Borborema",250211,"Cariri Oriental","Alcantil",0.321
25,"Paraíba",250053,2000,2502,"Borborema",250211,"Cariri Oriental","Alcantil",0.408
25,"Paraíba",250053,2010,2502,"Borborema",250211,"Cariri Oriental","Alcantil",0.578
25,"Paraíba",250057,2010,2503,"Agreste Paraibano",250312,"Curimataú Ocidental","Algodão de Jandaíra",0.548
25,"Paraíba",250057,2000,2503,"Agreste Paraibano",250312,"Curimataú Ocidental","Algodão de Jandaíra",0.313
25,"Paraíba",250057,1991,2503,"Agreste Paraibano",250312,"Curimataú Ocidental","Algodão de Jandaíra",0.182
25,"Paraíba",250060,2010,2504,"Mata Paraibana",250423,"Litoral Sul","Alhandra",0.582
25,"Paraíba",250060,2000,2504,"Mata Paraibana",250423,"Litoral Sul","Alhandra",0.415
25,"Paraíba",250060,1991,2504,"Mata Paraibana",250423,"Litoral Sul","Alhandra",0.276
25,"Paraíba",250070,2000,2501,"Sertão Paraibano",250102,"Cajazeiras","São João do Rio do Peixe",0.448
25,"Paraíba",250070,1991,2501,"Sertão Paraibano",250102,"Cajazeiras","São João do Rio do Peixe",0.3
25,"Paraíba",250070,2010,2501,"Sertão Paraibano",250102,"Cajazeiras","São João do Rio do Peixe",0.608
25,"Paraíba",250073,2000,2502,"Borborema",250210,"Cariri Ocidental","Amparo",0.392
25,"Paraíba",250073,2010,2502,"Borborema",250210,"Cariri Ocidental","Amparo",0.606
25,"Paraíba",250073,1991,2502,"Borborema",250210,"Cariri Ocidental","Amparo",0.26
25,"Paraíba",250077,2000,2501,"Sertão Paraibano",250103,"Sousa","Aparecida",0.425
25,"Paraíba",250077,2010,2501,"Sertão Paraibano",250103,"Sousa","Aparecida",0.578
25,"Paraíba",250077,1991,2501,"Sertão Paraibano",250103,"Sousa","Aparecida",0.253
25,"Paraíba",250080,2000,2503,"Agreste Paraibano",250316,"Guarabira","Araçagi",0.389
25,"Paraíba",250080,2010,2503,"Agreste Paraibano",250316,"Guarabira","Araçagi",0.549
25,"Paraíba",250080,1991,2503,"Agreste Paraibano",250316,"Guarabira","Araçagi",0.26
25,"Paraíba",250090,2000,2503,"Agreste Paraibano",250312,"Curimataú Ocidental","Arara",0.387
25,"Paraíba",250090,1991,2503,"Agreste Paraibano",250312,"Curimataú Ocidental","Arara",0.282
25,"Paraíba",250090,2010,2503,"Agreste Paraibano",250312,"Curimataú Ocidental","Arara",0.548
25,"Paraíba",250100,1991,2503,"Agreste Paraibano",250313,"Curimataú Oriental","Araruna",0.267
25,"Paraíba",250100,2010,2503,"Agreste Paraibano",250313,"Curimataú Oriental","Araruna",0.567
25,"Paraíba",250100,2000,2503,"Agreste Paraibano",250313,"Curimataú Oriental","Araruna",0.381
25,"Paraíba",250110,2010,2503,"Agreste Paraibano",250315,"Brejo Paraibano","Areia",0.594
25,"Paraíba",250110,1991,2503,"Agreste Paraibano",250315,"Brejo Paraibano","Areia",0.332
25,"Paraíba",250110,2000,2503,"Agreste Paraibano",250315,"Brejo Paraibano","Areia",0.425
25,"Paraíba",250115,2000,2501,"Sertão Paraibano",250104,"Patos","Areia de Baraúnas",0.385
25,"Paraíba",250115,1991,2501,"Sertão Paraibano",250104,"Patos","Areia de Baraúnas",0.188
25,"Paraíba",250115,2010,2501,"Sertão Paraibano",250104,"Patos","Areia de Baraúnas",0.562
25,"Paraíba",250120,2000,2503,"Agreste Paraibano",250314,"Esperança","Areial",0.448
25,"Paraíba",250120,1991,2503,"Agreste Paraibano",250314,"Esperança","Areial",0.338
25,"Paraíba",250120,2010,2503,"Agreste Paraibano",250314,"Esperança","Areial",0.608
25,"Paraíba",250130,2000,2503,"Agreste Paraibano",250319,"Umbuzeiro","Aroeiras",0.382
25,"Paraíba",250130,2010,2503,"Agreste Paraibano",250319,"Umbuzeiro","Aroeiras",0.548
25,"Paraíba",250130,1991,2503,"Agreste Paraibano",250319,"Umbuzeiro","Aroeiras",0.247
25,"Paraíba",250135,2000,2502,"Borborema",250210,"Cariri Ocidental","Assunção",0.406
25,"Paraíba",250135,2010,2502,"Borborema",250210,"Cariri Ocidental","Assunção",0.609
25,"Paraíba",250135,1991,2502,"Borborema",250210,"Cariri Ocidental","Assunção",0.247
25,"Paraíba",250140,2010,2504,"Mata Paraibana",250420,"Litoral Norte","Baía da Traição",0.581
25,"Paraíba",250140,1991,2504,"Mata Paraibana",250420,"Litoral Norte","Baía da Traição",0.329
25,"Paraíba",250140,2000,2504,"Mata Paraibana",250420,"Litoral Norte","Baía da Traição",0.413
25,"Paraíba",250150,2010,2503,"Agreste Paraibano",250315,"Brejo Paraibano","Bananeiras",0.568
25,"Paraíba",250150,2000,2503,"Agreste Paraibano",250315,"Brejo Paraibano","Bananeiras",0.401
25,"Paraíba",250150,1991,2503,"Agreste Paraibano",250315,"Brejo Paraibano","Bananeiras",0.281
25,"Paraíba",250153,2010,2502,"Borborema",250209,"Seridó Oriental Paraibano","Baraúna",0.558
25,"Paraíba",250153,2000,2502,"Borborema",250209,"Seridó Oriental Paraibano","Baraúna",0.398
25,"Paraíba",250153,1991,2502,"Borborema",250209,"Seridó Oriental Paraibano","Baraúna",0.219
25,"Paraíba",250157,2000,2502,"Borborema",250211,"Cariri Oriental","Barra de Santana",0.407
25,"Paraíba",250157,1991,2502,"Borborema",250211,"Cariri Oriental","Barra de Santana",0.273
25,"Paraíba",250157,2010,2502,"Borborema",250211,"Cariri Oriental","Barra de Santana",0.567
25,"Paraíba",250160,2000,2503,"Agreste Paraibano",250312,"Curimataú Ocidental","Barra de Santa Rosa",0.382
25,"Paraíba",250160,2010,2503,"Agreste Paraibano",250312,"Curimataú Ocidental","Barra de Santa Rosa",0.562
25,"Paraíba",250160,1991,2503,"Agreste Paraibano",250312,"Curimataú Ocidental","Barra de Santa Rosa",0.277
25,"Paraíba",250170,2010,2502,"Borborema",250211,"Cariri Oriental","Barra de São Miguel",0.572
25,"Paraíba",250170,2000,2502,"Borborema",250211,"Cariri Oriental","Barra de São Miguel",0.429
25,"Paraíba",250170,1991,2502,"Borborema",250211,"Cariri Oriental","Barra de São Miguel",0.247
25,"Paraíba",250180,2010,2504,"Mata Paraibana",250422,"João Pessoa","Bayeux",0.649
25,"Paraíba",250180,1991,2504,"Mata Paraibana",250422,"João Pessoa","Bayeux",0.407
25,"Paraíba",250180,2000,2504,"Mata Paraibana",250422,"João Pessoa","Bayeux",0.505
25,"Paraíba",250190,1991,2503,"Agreste Paraibano",250316,"Guarabira","Belém",0.293
25,"Paraíba",250190,2000,2503,"Agreste Paraibano",250316,"Guarabira","Belém",0.424
25,"Paraíba",250190,2010,2503,"Agreste Paraibano",250316,"Guarabira","Belém",0.592
25,"Paraíba",250200,2000,2501,"Sertão Paraibano",250101,"Catolé do Rocha","Belém do Brejo do Cruz",0.423
25,"Paraíba",250200,2010,2501,"Sertão Paraibano",250101,"Catolé do Rocha","Belém do Brejo do Cruz",0.578
25,"Paraíba",250200,1991,2501,"Sertão Paraibano",250101,"Catolé do Rocha","Belém do Brejo do Cruz",0.283
25,"Paraíba",250205,2000,2501,"Sertão Paraibano",250102,"Cajazeiras","Bernardino Batista",0.391
25,"Paraíba",250205,2010,2501,"Sertão Paraibano",250102,"Cajazeiras","Bernardino Batista",0.558
25,"Paraíba",250205,1991,2501,"Sertão Paraibano",250102,"Cajazeiras","Bernardino Batista",0.239
25,"Paraíba",250210,2010,2501,"Sertão Paraibano",250106,"Itaporanga","Boa Ventura",0.599
25,"Paraíba",250210,1991,2501,"Sertão Paraibano",250106,"Itaporanga","Boa Ventura",0.323
25,"Paraíba",250210,2000,2501,"Sertão Paraibano",250106,"Itaporanga","Boa Ventura",0.386
25,"Paraíba",250215,2010,2503,"Agreste Paraibano",250317,"Campina Grande","Boa Vista",0.649
25,"Paraíba",250215,1991,2503,"Agreste Paraibano",250317,"Campina Grande","Boa Vista",0.357
25,"Paraíba",250215,2000,2503,"Agreste Paraibano",250317,"Campina Grande","Boa Vista",0.498
25,"Paraíba",250220,2000,2501,"Sertão Paraibano",250102,"Cajazeiras","Bom Jesus",0.415
25,"Paraíba",250220,2010,2501,"Sertão Paraibano",250102,"Cajazeiras","Bom Jesus",0.597
25,"Paraíba",250220,1991,2501,"Sertão Paraibano",250102,"Cajazeiras","Bom Jesus",0.298
25,"Paraíba",250230,2000,2501,"Sertão Paraibano",250101,"Catolé do Rocha","Bom Sucesso",0.46
25,"Paraíba",250230,2010,2501,"Sertão Paraibano",250101,"Catolé do Rocha","Bom Sucesso",0.592
25,"Paraíba",250230,1991,2501,"Sertão Paraibano",250101,"Catolé do Rocha","Bom Sucesso",0.343
25,"Paraíba",250240,2010,2501,"Sertão Paraibano",250102,"Cajazeiras","Bonito de Santa Fé",0.574
25,"Paraíba",250240,1991,2501,"Sertão Paraibano",250102,"Cajazeiras","Bonito de Santa Fé",0.293
25,"Paraíba",250240,2000,2501,"Sertão Paraibano",250102,"Cajazeiras","Bonito de Santa Fé",0.413
25,"Paraíba",250250,2010,2502,"Borborema",250211,"Cariri Oriental","Boqueirão",0.607
25,"Paraíba",250250,1991,2502,"Borborema",250211,"Cariri Oriental","Boqueirão",0.312
25,"Paraíba",250250,2000,2502,"Borborema",250211,"Cariri Oriental","Boqueirão",0.43
25,"Paraíba",250260,1991,2501,"Sertão Paraibano",250105,"Piancó","Igaracy",0.268
25,"Paraíba",250260,2000,2501,"Sertão Paraibano",250105,"Piancó","Igaracy",0.408
25,"Paraíba",250260,2010,2501,"Sertão Paraibano",250105,"Piancó","Igaracy",0.61
25,"Paraíba",250270,2000,2503,"Agreste Paraibano",250315,"Brejo Paraibano","Borborema",0.428
25,"Paraíba",250270,2010,2503,"Agreste Paraibano",250315,"Brejo Paraibano","Borborema",0.558
25,"Paraíba",250270,1991,2503,"Agreste Paraibano",250315,"Brejo Paraibano","Borborema",0.285
25,"Paraíba",250280,2010,2501,"Sertão Paraibano",250101,"Catolé do Rocha","Brejo do Cruz",0.597
25,"Paraíba",250280,2000,2501,"Sertão Paraibano",250101,"Catolé do Rocha","Brejo do Cruz",0.469
25,"Paraíba",250280,1991,2501,"Sertão Paraibano",250101,"Catolé do Rocha","Brejo do Cruz",0.342
25,"Paraíba",250290,2010,2501,"Sertão Paraibano",250101,"Catolé do Rocha","Brejo dos Santos",0.619
25,"Paraíba",250290,1991,2501,"Sertão Paraibano",250101,"Catolé do Rocha","Brejo dos Santos",0.299
25,"Paraíba",250290,2000,2501,"Sertão Paraibano",250101,"Catolé do Rocha","Brejo dos Santos",0.451
25,"Paraíba",250300,1991,2504,"Mata Paraibana",250423,"Litoral Sul","Caaporã",0.278
25,"Paraíba",250300,2000,2504,"Mata Paraibana",250423,"Litoral Sul","Caaporã",0.407
25,"Paraíba",250300,2010,2504,"Mata Paraibana",250423,"Litoral Sul","Caaporã",0.602
25,"Paraíba",250310,1991,2502,"Borborema",250211,"Cariri Oriental","Cabaceiras",0.352
25,"Paraíba",250310,2000,2502,"Borborema",250211,"Cariri Oriental","Cabaceiras",0.47
25,"Paraíba",250310,2010,2502,"Borborema",250211,"Cariri Oriental","Cabaceiras",0.611
25,"Paraíba",250320,2010,2504,"Mata Paraibana",250422,"João Pessoa","Cabedelo",0.748
25,"Paraíba",250320,2000,2504,"Mata Paraibana",250422,"João Pessoa","Cabedelo",0.599
25,"Paraíba",250320,1991,2504,"Mata Paraibana",250422,"João Pessoa","Cabedelo",0.444
25,"Paraíba",250330,2010,2501,"Sertão Paraibano",250102,"Cajazeiras","Cachoeira dos Índios",0.587
25,"Paraíba",250330,1991,2501,"Sertão Paraibano",250102,"Cajazeiras","Cachoeira dos Índios",0.256
25,"Paraíba",250330,2000,2501,"Sertão Paraibano",250102,"Cajazeiras","Cachoeira dos Índios",0.394
25,"Paraíba",250340,1991,2501,"Sertão Paraibano",250104,"Patos","Cacimba de Areia",0.276
25,"Paraíba",250340,2010,2501,"Sertão Paraibano",250104,"Patos","Cacimba de Areia",0.596
25,"Paraíba",250340,2000,2501,"Sertão Paraibano",250104,"Patos","Cacimba de Areia",0.413
25,"Paraíba",250350,2010,2503,"Agreste Paraibano",250313,"Curimataú Oriental","Cacimba de Dentro",0.564
25,"Paraíba",250350,1991,2503,"Agreste Paraibano",250313,"Curimataú Oriental","Cacimba de Dentro",0.236
25,"Paraíba",250350,2000,2503,"Agreste Paraibano",250313,"Curimataú Oriental","Cacimba de Dentro",0.372
25,"Paraíba",250355,2010,2501,"Sertão Paraibano",250107,"Serra do Teixeira","Cacimbas",0.523
25,"Paraíba",250355,1991,2501,"Sertão Paraibano",250107,"Serra do Teixeira","Cacimbas",0.168
25,"Paraíba",250355,2000,2501,"Sertão Paraibano",250107,"Serra do Teixeira","Cacimbas",0.312
25,"Paraíba",250360,2000,2503,"Agreste Paraibano",250316,"Guarabira","Caiçara",0.425
25,"Paraíba",250360,2010,2503,"Agreste Paraibano",250316,"Guarabira","Caiçara",0.592
25,"Paraíba",250360,1991,2503,"Agreste Paraibano",250316,"Guarabira","Caiçara",0.266
25,"Paraíba",250370,2000,2501,"Sertão Paraibano",250102,"Cajazeiras","Cajazeiras",0.528
25,"Paraíba",250370,2010,2501,"Sertão Paraibano",250102,"Cajazeiras","Cajazeiras",0.679
25,"Paraíba",250370,1991,2501,"Sertão Paraibano",250102,"Cajazeiras","Cajazeiras",0.428
25,"Paraíba",250375,2010,2501,"Sertão Paraibano",250103,"Sousa","Cajazeirinhas",0.55
25,"Paraíba",250375,2000,2501,"Sertão Paraibano",250103,"Sousa","Cajazeirinhas",0.357
25,"Paraíba",250375,1991,2501,"Sertão Paraibano",250103,"Sousa","Cajazeirinhas",0.16
25,"Paraíba",250380,2010,2503,"Agreste Paraibano",250318,"Itabaiana","Caldas Brandão",0.568
25,"Paraíba",250380,2000,2503,"Agreste Paraibano",250318,"Itabaiana","Caldas Brandão",0.38
25,"Paraíba",250380,1991,2503,"Agreste Paraibano",250318,"Itabaiana","Caldas Brandão",0.249
25,"Paraíba",250390,1991,2502,"Borborema",250210,"Cariri Ocidental","Camalaú",0.328
25,"Paraíba",250390,2010,2502,"Borborema",250210,"Cariri Ocidental","Camalaú",0.567
25,"Paraíba",250390,2000,2502,"Borborema",250210,"Cariri Ocidental","Camalaú",0.405
25,"Paraíba",250400,2000,2503,"Agreste Paraibano",250317,"Campina Grande","Campina Grande",0.601
25,"Paraíba",250400,1991,2503,"Agreste Paraibano",250317,"Campina Grande","Campina Grande",0.476
25,"Paraíba",250400,2010,2503,"Agreste Paraibano",250317,"Campina Grande","Campina Grande",0.72
25,"Paraíba",250403,2010,2504,"Mata Paraibana",250420,"Litoral Norte","Capim",0.533
25,"Paraíba",250403,2000,2504,"Mata Paraibana",250420,"Litoral Norte","Capim",0.33
25,"Paraíba",250403,1991,2504,"Mata Paraibana",250420,"Litoral Norte","Capim",0.175
25,"Paraíba",250407,2010,2502,"Borborema",250211,"Cariri Oriental","Caraúbas",0.585
25,"Paraíba",250407,2000,2502,"Borborema",250211,"Cariri Oriental","Caraúbas",0.44
25,"Paraíba",250407,1991,2502,"Borborema",250211,"Cariri Oriental","Caraúbas",0.3
25,"Paraíba",250410,1991,2501,"Sertão Paraibano",250102,"Cajazeiras","Carrapateira",0.352
25,"Paraíba",250410,2010,2501,"Sertão Paraibano",250102,"Cajazeiras","Carrapateira",0.603
25,"Paraíba",250410,2000,2501,"Sertão Paraibano",250102,"Cajazeiras","Carrapateira",0.433
25,"Paraíba",250415,1991,2503,"Agreste Paraibano",250313,"Curimataú Oriental","Casserengue",0.147
25,"Paraíba",250415,2010,2503,"Agreste Paraibano",250313,"Curimataú Oriental","Casserengue",0.514
25,"Paraíba",250415,2000,2503,"Agreste Paraibano",250313,"Curimataú Oriental","Casserengue",0.305
25,"Paraíba",250420,2010,2501,"Sertão Paraibano",250105,"Piancó","Catingueira",0.574
25,"Paraíba",250420,2000,2501,"Sertão Paraibano",250105,"Piancó","Catingueira",0.398
25,"Paraíba",250420,1991,2501,"Sertão Paraibano",250105,"Piancó","Catingueira",0.252
25,"Paraíba",250430,2010,2501,"Sertão Paraibano",250101,"Catolé do Rocha","Catolé do Rocha",0.64
25,"Paraíba",250430,2000,2501,"Sertão Paraibano",250101,"Catolé do Rocha","Catolé do Rocha",0.495
25,"Paraíba",250430,1991,2501,"Sertão Paraibano",250101,"Catolé do Rocha","Catolé do Rocha",0.371
25,"Paraíba",250435,1991,2502,"Borborema",250211,"Cariri Oriental","Caturité",0.288
25,"Paraíba",250435,2000,2502,"Borborema",250211,"Cariri Oriental","Caturité",0.46
25,"Paraíba",250435,2010,2502,"Borborema",250211,"Cariri Oriental","Caturité",0.623
25,"Paraíba",250440,2000,2501,"Sertão Paraibano",250106,"Itaporanga","Conceição",0.439
25,"Paraíba",250440,1991,2501,"Sertão Paraibano",250106,"Itaporanga","Conceição",0.314
25,"Paraíba",250440,2010,2501,"Sertão Paraibano",250106,"Itaporanga","Conceição",0.592
25,"Paraíba",250450,1991,2501,"Sertão Paraibano",250103,"Sousa","Condado",0.338
25,"Paraíba",250450,2010,2501,"Sertão Paraibano",250103,"Sousa","Condado",0.594
25,"Paraíba",250450,2000,2501,"Sertão Paraibano",250103,"Sousa","Condado",0.428
25,"Paraíba",250460,2000,2504,"Mata Paraibana",250422,"João Pessoa","Conde",0.422
25,"Paraíba",250460,2010,2504,"Mata Paraibana",250422,"João Pessoa","Conde",0.618
25,"Paraíba",250460,1991,2504,"Mata Paraibana",250422,"João Pessoa","Conde",0.303
25,"Paraíba",250470,2010,2502,"Borborema",250210,"Cariri Ocidental","Congo",0.581
25,"Paraíba",250470,1991,2502,"Borborema",250210,"Cariri Ocidental","Congo",0.271
25,"Paraíba",250470,2000,2502,"Borborema",250210,"Cariri Ocidental","Congo",0.441
25,"Paraíba",250480,2000,2501,"Sertão Paraibano",250105,"Piancó","Coremas",0.424
25,"Paraíba",250480,2010,2501,"Sertão Paraibano",250105,"Piancó","Coremas",0.592
25,"Paraíba",250480,1991,2501,"Sertão Paraibano",250105,"Piancó","Coremas",0.304
25,"Paraíba",250485,2010,2502,"Borborema",250210,"Cariri Ocidental","Coxixola",0.641
25,"Paraíba",250485,2000,2502,"Borborema",250210,"Cariri Ocidental","Coxixola",0.432
25,"Paraíba",250485,1991,2502,"Borborema",250210,"Cariri Ocidental","Coxixola",0.28
25,"Paraíba",250490,2010,2504,"Mata Paraibana",250421,"Sapé","Cruz do Espírito Santo",0.552
25,"Paraíba",250490,1991,2504,"Mata Paraibana",250421,"Sapé","Cruz do Espírito Santo",0.289
25,"Paraíba",250490,2000,2504,"Mata Paraibana",250421,"Sapé","Cruz do Espírito Santo",0.406
25,"Paraíba",250500,1991,2502,"Borborema",250209,"Seridó Oriental Paraibano","Cubati",0.27
25,"Paraíba",250500,2000,2502,"Borborema",250209,"Seridó Oriental Paraibano","Cubati",0.41
25,"Paraíba",250500,2010,2502,"Borborema",250209,"Seridó Oriental Paraibano","Cubati",0.566
25,"Paraíba",250510,2000,2503,"Agreste Paraibano",250312,"Curimataú Ocidental","Cuité",0.432
25,"Paraíba",250510,2010,2503,"Agreste Paraibano",250312,"Curimataú Ocidental","Cuité",0.591
25,"Paraíba",250510,1991,2503,"Agreste Paraibano",250312,"Curimataú Ocidental","Cuité",0.277
25,"Paraíba",250520,2000,2503,"Agreste Paraibano",250316,"Guarabira","Cuitegi",0.408
25,"Paraíba",250520,2010,2503,"Agreste Paraibano",250316,"Guarabira","Cuitegi",0.57
25,"Paraíba",250520,1991,2503,"Agreste Paraibano",250316,"Guarabira","Cuitegi",0.293
25,"Paraíba",250523,2010,2504,"Mata Paraibana",250420,"Litoral Norte","Cuité de Mamanguape",0.524
25,"Paraíba",250523,2000,2504,"Mata Paraibana",250420,"Litoral Norte","Cuité de Mamanguape",0.328
25,"Paraíba",250523,1991,2504,"Mata Paraibana",250420,"Litoral Norte","Cuité de Mamanguape",0.217
25,"Paraíba",250527,2010,2504,"Mata Paraibana",250420,"Litoral Norte","Curral de Cima",0.529
25,"Paraíba",250527,1991,2504,"Mata Paraibana",250420,"Litoral Norte","Curral de Cima",0.131
25,"Paraíba",250527,2000,2504,"Mata Paraibana",250420,"Litoral Norte","Curral de Cima",0.308
25,"Paraíba",250530,2010,2501,"Sertão Paraibano",250106,"Itaporanga","Curral Velho",0.606
25,"Paraíba",250530,2000,2501,"Sertão Paraibano",250106,"Itaporanga","Curral Velho",0.41
25,"Paraíba",250530,1991,2501,"Sertão Paraibano",250106,"Itaporanga","Curral Velho",0.328
25,"Paraíba",250535,1991,2503,"Agreste Paraibano",250312,"Curimataú Ocidental","Damião",0.15
25,"Paraíba",250535,2010,2503,"Agreste Paraibano",250312,"Curimataú Ocidental","Damião",0.521
25,"Paraíba",250535,2000,2503,"Agreste Paraibano",250312,"Curimataú Ocidental","Damião",0.295
25,"Paraíba",250540,2010,2501,"Sertão Paraibano",250107,"Serra do Teixeira","Desterro",0.58
25,"Paraíba",250540,2000,2501,"Sertão Paraibano",250107,"Serra do Teixeira","Desterro",0.385
25,"Paraíba",250540,1991,2501,"Sertão Paraibano",250107,"Serra do Teixeira","Desterro",0.256
25,"Paraíba",250550,2000,2501,"Sertão Paraibano",250103,"Sousa","Vista Serrana",0.44
25,"Paraíba",250550,2010,2501,"Sertão Paraibano",250103,"Sousa","Vista Serrana",0.566
25,"Paraíba",250550,1991,2501,"Sertão Paraibano",250103,"Sousa","Vista Serrana",0.313
25,"Paraíba",250560,2010,2501,"Sertão Paraibano",250106,"Itaporanga","Diamante",0.593
25,"Paraíba",250560,2000,2501,"Sertão Paraibano",250106,"Itaporanga","Diamante",0.423
25,"Paraíba",250560,1991,2501,"Sertão Paraibano",250106,"Itaporanga","Diamante",0.286
25,"Paraíba",250570,2010,2503,"Agreste Paraibano",250313,"Curimataú Oriental","Dona Inês",0.545
25,"Paraíba",250570,1991,2503,"Agreste Paraibano",250313,"Curimataú Oriental","Dona Inês",0.252
25,"Paraíba",250570,2000,2503,"Agreste Paraibano",250313,"Curimataú Oriental","Dona Inês",0.31
25,"Paraíba",250580,2010,2503,"Agreste Paraibano",250316,"Guarabira","Duas Estradas",0.603
25,"Paraíba",250580,2000,2503,"Agreste Paraibano",250316,"Guarabira","Duas Estradas",0.409
25,"Paraíba",250580,1991,2503,"Agreste Paraibano",250316,"Guarabira","Duas Estradas",0.266
25,"Paraíba",250590,2010,2501,"Sertão Paraibano",250105,"Piancó","Emas",0.595
25,"Paraíba",250590,1991,2501,"Sertão Paraibano",250105,"Piancó","Emas",0.263
25,"Paraíba",250590,2000,2501,"Sertão Paraibano",250105,"Piancó","Emas",0.405
25,"Paraíba",250600,1991,2503,"Agreste Paraibano",250314,"Esperança","Esperança",0.35
25,"Paraíba",250600,2000,2503,"Agreste Paraibano",250314,"Esperança","Esperança",0.474
25,"Paraíba",250600,2010,2503,"Agreste Paraibano",250314,"Esperança","Esperança",0.623
25,"Paraíba",250610,1991,2503,"Agreste Paraibano",250317,"Campina Grande","Fagundes",0.262
25,"Paraíba",250610,2000,2503,"Agreste Paraibano",250317,"Campina Grande","Fagundes",0.403
25,"Paraíba",250610,2010,2503,"Agreste Paraibano",250317,"Campina Grande","Fagundes",0.56
25,"Paraíba",250620,2000,2502,"Borborema",250209,"Seridó Oriental Paraibano","Frei Martinho",0.454
25,"Paraíba",250620,1991,2502,"Borborema",250209,"Seridó Oriental Paraibano","Frei Martinho",0.388
25,"Paraíba",250620,2010,2502,"Borborema",250209,"Seridó Oriental Paraibano","Frei Martinho",0.641
25,"Paraíba",250625,2010,2503,"Agreste Paraibano",250319,"Umbuzeiro","Gado Bravo",0.513
25,"Paraíba",250625,2000,2503,"Agreste Paraibano",250319,"Umbuzeiro","Gado Bravo",0.35
25,"Paraíba",250625,1991,2503,"Agreste Paraibano",250319,"Umbuzeiro","Gado Bravo",0.172
25,"Paraíba",250630,2000,2503,"Agreste Paraibano",250316,"Guarabira","Guarabira",0.516
25,"Paraíba",250630,2010,2503,"Agreste Paraibano",250316,"Guarabira","Guarabira",0.673
25,"Paraíba",250630,1991,2503,"Agreste Paraibano",250316,"Guarabira","Guarabira",0.396
25,"Paraíba",250640,2000,2503,"Agreste Paraibano",250318,"Itabaiana","Gurinhém",0.371
25,"Paraíba",250640,2010,2503,"Agreste Paraibano",250318,"Itabaiana","Gurinhém",0.556
25,"Paraíba",250640,1991,2503,"Agreste Paraibano",250318,"Itabaiana","Gurinhém",0.225
25,"Paraíba",250650,2010,2502,"Borborema",250211,"Cariri Oriental","Gurjão",0.625
25,"Paraíba",250650,2000,2502,"Borborema",250211,"Cariri Oriental","Gurjão",0.484
25,"Paraíba",250650,1991,2502,"Borborema",250211,"Cariri Oriental","Gurjão",0.357
25,"Paraíba",250660,2010,2501,"Sertão Paraibano",250106,"Itaporanga","Ibiara",0.586
25,"Paraíba",250660,2000,2501,"Sertão Paraibano",250106,"Itaporanga","Ibiara",0.425
25,"Paraíba",250660,1991,2501,"Sertão Paraibano",250106,"Itaporanga","Ibiara",0.277
25,"Paraíba",250670,2000,2501,"Sertão Paraibano",250107,"Serra do Teixeira","Imaculada",0.338
25,"Paraíba",250670,1991,2501,"Sertão Paraibano",250107,"Serra do Teixeira","Imaculada",0.246
25,"Paraíba",250670,2010,2501,"Sertão Paraibano",250107,"Serra do Teixeira","Imaculada",0.557
25,"Paraíba",250680,2000,2503,"Agreste Paraibano",250318,"Itabaiana","Ingá",0.423
25,"Paraíba",250680,2010,2503,"Agreste Paraibano",250318,"Itabaiana","Ingá",0.592
25,"Paraíba",250680,1991,2503,"Agreste Paraibano",250318,"Itabaiana","Ingá",0.256
25,"Paraíba",250690,1991,2503,"Agreste Paraibano",250318,"Itabaiana","Itabaiana",0.362
25,"Paraíba",250690,2000,2503,"Agreste Paraibano",250318,"Itabaiana","Itabaiana",0.466
25,"Paraíba",250690,2010,2503,"Agreste Paraibano",250318,"Itabaiana","Itabaiana",0.613
25,"Paraíba",250700,1991,2501,"Sertão Paraibano",250106,"Itaporanga","Itaporanga",0.358
25,"Paraíba",250700,2010,2501,"Sertão Paraibano",250106,"Itaporanga","Itaporanga",0.615
25,"Paraíba",250700,2000,2501,"Sertão Paraibano",250106,"Itaporanga","Itaporanga",0.489
25,"Paraíba",250710,2000,2504,"Mata Paraibana",250420,"Litoral Norte","Itapororoca",0.394
25,"Paraíba",250710,1991,2504,"Mata Paraibana",250420,"Litoral Norte","Itapororoca",0.281
25,"Paraíba",250710,2010,2504,"Mata Paraibana",250420,"Litoral Norte","Itapororoca",0.564
25,"Paraíba",250720,2010,2503,"Agreste Paraibano",250318,"Itabaiana","Itatuba",0.562
25,"Paraíba",250720,2000,2503,"Agreste Paraibano",250318,"Itabaiana","Itatuba",0.387
25,"Paraíba",250720,1991,2503,"Agreste Paraibano",250318,"Itabaiana","Itatuba",0.272
25,"Paraíba",250730,2010,2504,"Mata Paraibana",250420,"Litoral Norte","Jacaraú",0.558
25,"Paraíba",250730,1991,2504,"Mata Paraibana",250420,"Litoral Norte","Jacaraú",0.242
25,"Paraíba",250730,2000,2504,"Mata Paraibana",250420,"Litoral Norte","Jacaraú",0.367
25,"Paraíba",250740,1991,2501,"Sertão Paraibano",250101,"Catolé do Rocha","Jericó",0.331
25,"Paraíba",250740,2010,2501,"Sertão Paraibano",250101,"Catolé do Rocha","Jericó",0.603
25,"Paraíba",250740,2000,2501,"Sertão Paraibano",250101,"Catolé do Rocha","Jericó",0.452
25,"Paraíba",250750,1991,2504,"Mata Paraibana",250422,"João Pessoa","João Pessoa",0.551
25,"Paraíba",250750,2010,2504,"Mata Paraibana",250422,"João Pessoa","João Pessoa",0.763
25,"Paraíba",250750,2000,2504,"Mata Paraibana",250422,"João Pessoa","João Pessoa",0.644
25,"Paraíba",250760,1991,2503,"Agreste Paraibano",250318,"Itabaiana","Juarez Távora",0.304
25,"Paraíba",250760,2000,2503,"Agreste Paraibano",250318,"Itabaiana","Juarez Távora",0.412
25,"Paraíba",250760,2010,2503,"Agreste Paraibano",250318,"Itabaiana","Juarez Távora",0.579
25,"Paraíba",250770,2010,2502,"Borborema",250209,"Seridó Oriental Paraibano","Juazeirinho",0.567
25,"Paraíba",250770,2000,2502,"Borborema",250209,"Seridó Oriental Paraibano","Juazeirinho",0.409
25,"Paraíba",250770,1991,2502,"Borborema",250209,"Seridó Oriental Paraibano","Juazeirinho",0.282
25,"Paraíba",250780,1991,2502,"Borborema",250208,"Seridó Ocidental Paraibano","Junco do Seridó",0.306
25,"Paraíba",250780,2010,2502,"Borborema",250208,"Seridó Ocidental Paraibano","Junco do Seridó",0.617
25,"Paraíba",250780,2000,2502,"Borborema",250208,"Seridó Ocidental Paraibano","Junco do Seridó",0.432
25,"Paraíba",250790,2010,2504,"Mata Paraibana",250421,"Sapé","Juripiranga",0.548
25,"Paraíba",250790,2000,2504,"Mata Paraibana",250421,"Sapé","Juripiranga",0.387
25,"Paraíba",250790,1991,2504,"Mata Paraibana",250421,"Sapé","Juripiranga",0.256
25,"Paraíba",250800,1991,2501,"Sertão Paraibano",250107,"Serra do Teixeira","Juru",0.221
25,"Paraíba",250800,2010,2501,"Sertão Paraibano",250107,"Serra do Teixeira","Juru",0.57
25,"Paraíba",250800,2000,2501,"Sertão Paraibano",250107,"Serra do Teixeira","Juru",0.381
25,"Paraíba",250810,2010,2501,"Sertão Paraibano",250101,"Catolé do Rocha","Lagoa",0.563
25,"Paraíba",250810,2000,2501,"Sertão Paraibano",250101,"Catolé do Rocha","Lagoa",0.398
25,"Paraíba",250810,1991,2501,"Sertão Paraibano",250101,"Catolé do Rocha","Lagoa",0.276
25,"Paraíba",250820,1991,2503,"Agreste Paraibano",250316,"Guarabira","Lagoa de Dentro",0.291
25,"Paraíba",250820,2010,2503,"Agreste Paraibano",250316,"Guarabira","Lagoa de Dentro",0.57
25,"Paraíba",250820,2000,2503,"Agreste Paraibano",250316,"Guarabira","Lagoa de Dentro",0.418
25,"Paraíba",250830,2000,2503,"Agreste Paraibano",250317,"Campina Grande","Lagoa Seca",0.461
25,"Paraíba",250830,1991,2503,"Agreste Paraibano",250317,"Campina Grande","Lagoa Seca",0.339
25,"Paraíba",250830,2010,2503,"Agreste Paraibano",250317,"Campina Grande","Lagoa Seca",0.627
25,"Paraíba",250840,2000,2501,"Sertão Paraibano",250103,"Sousa","Lastro",0.403
25,"Paraíba",250840,2010,2501,"Sertão Paraibano",250103,"Sousa","Lastro",0.533
25,"Paraíba",250840,1991,2501,"Sertão Paraibano",250103,"Sousa","Lastro",0.233
25,"Paraíba",250850,2010,2502,"Borborema",250210,"Cariri Ocidental","Livramento",0.566
25,"Paraíba",250850,2000,2502,"Borborema",250210,"Cariri Ocidental","Livramento",0.392
25,"Paraíba",250850,1991,2502,"Borborema",250210,"Cariri Ocidental","Livramento",0.261
25,"Paraíba",250855,1991,2503,"Agreste Paraibano",250316,"Guarabira","Logradouro",0.24
25,"Paraíba",250855,2010,2503,"Agreste Paraibano",250316,"Guarabira","Logradouro",0.583
25,"Paraíba",250855,2000,2503,"Agreste Paraibano",250316,"Guarabira","Logradouro",0.429
25,"Paraíba",250860,2000,2504,"Mata Paraibana",250422,"João Pessoa","Lucena",0.391
25,"Paraíba",250860,1991,2504,"Mata Paraibana",250422,"João Pessoa","Lucena",0.267
25,"Paraíba",250860,2010,2504,"Mata Paraibana",250422,"João Pessoa","Lucena",0.583
25,"Paraíba",250870,2000,2501,"Sertão Paraibano",250104,"Patos","Mãe d'Água",0.357
25,"Paraíba",250870,1991,2501,"Sertão Paraibano",250104,"Patos","Mãe d'Água",0.235
25,"Paraíba",250870,2010,2501,"Sertão Paraibano",250104,"Patos","Mãe d'Água",0.542
25,"Paraíba",250880,2000,2501,"Sertão Paraibano",250103,"Sousa","Malta",0.477
25,"Paraíba",250880,1991,2501,"Sertão Paraibano",250103,"Sousa","Malta",0.331
25,"Paraíba",250880,2010,2501,"Sertão Paraibano",250103,"Sousa","Malta",0.642
25,"Paraíba",250890,2000,2504,"Mata Paraibana",250420,"Litoral Norte","Mamanguape",0.424
25,"Paraíba",250890,2010,2504,"Mata Paraibana",250420,"Litoral Norte","Mamanguape",0.585
25,"Paraíba",250890,1991,2504,"Mata Paraibana",250420,"Litoral Norte","Mamanguape",0.309
25,"Paraíba",250900,2000,2501,"Sertão Paraibano",250107,"Serra do Teixeira","Manaíra",0.375
25,"Paraíba",250900,2010,2501,"Sertão Paraibano",250107,"Serra do Teixeira","Manaíra",0.543
25,"Paraíba",250900,1991,2501,"Sertão Paraibano",250107,"Serra do Teixeira","Manaíra",0.254
25,"Paraíba",250905,2000,2504,"Mata Paraibana",250420,"Litoral Norte","Marcação",0.341
25,"Paraíba",250905,1991,2504,"Mata Paraibana",250420,"Litoral Norte","Marcação",0.217
25,"Paraíba",250905,2010,2504,"Mata Paraibana",250420,"Litoral Norte","Marcação",0.529
25,"Paraíba",250910,2000,2504,"Mata Paraibana",250421,"Sapé","Mari",0.394
25,"Paraíba",250910,1991,2504,"Mata Paraibana",250421,"Sapé","Mari",0.268
25,"Paraíba",250910,2010,2504,"Mata Paraibana",250421,"Sapé","Mari",0.548
25,"Paraíba",250915,2000,2501,"Sertão Paraibano",250103,"Sousa","Marizópolis",0.412
25,"Paraíba",250915,2010,2501,"Sertão Paraibano",250103,"Sousa","Marizópolis",0.608
25,"Paraíba",250915,1991,2501,"Sertão Paraibano",250103,"Sousa","Marizópolis",0.279
25,"Paraíba",250920,2000,2503,"Agreste Paraibano",250317,"Campina Grande","Massaranduba",0.408
25,"Paraíba",250920,2010,2503,"Agreste Paraibano",250317,"Campina Grande","Massaranduba",0.567
25,"Paraíba",250920,1991,2503,"Agreste Paraibano",250317,"Campina Grande","Massaranduba",0.288
25,"Paraíba",250930,2000,2504,"Mata Paraibana",250420,"Litoral Norte","Mataraca",0.385
25,"Paraíba",250930,1991,2504,"Mata Paraibana",250420,"Litoral Norte","Mataraca",0.277
25,"Paraíba",250930,2010,2504,"Mata Paraibana",250420,"Litoral Norte","Mataraca",0.536
25,"Paraíba",250933,2000,2503,"Agreste Paraibano",250315,"Brejo Paraibano","Matinhas",0.397
25,"Paraíba",250933,2010,2503,"Agreste Paraibano",250315,"Brejo Paraibano","Matinhas",0.541
25,"Paraíba",250933,1991,2503,"Agreste Paraibano",250315,"Brejo Paraibano","Matinhas",0.258
25,"Paraíba",250937,2000,2501,"Sertão Paraibano",250101,"Catolé do Rocha","Mato Grosso",0.364
25,"Paraíba",250937,1991,2501,"Sertão Paraibano",250101,"Catolé do Rocha","Mato Grosso",0.202
25,"Paraíba",250937,2010,2501,"Sertão Paraibano",250101,"Catolé do Rocha","Mato Grosso",0.565
25,"Paraíba",250939,2000,2501,"Sertão Paraibano",250107,"Serra do Teixeira","Maturéia",0.341
25,"Paraíba",250939,2010,2501,"Sertão Paraibano",250107,"Serra do Teixeira","Maturéia",0.572
25,"Paraíba",250939,1991,2501,"Sertão Paraibano",250107,"Serra do Teixeira","Maturéia",0.199
25,"Paraíba",250940,2000,2503,"Agreste Paraibano",250318,"Itabaiana","Mogeiro",0.391
25,"Paraíba",250940,1991,2503,"Agreste Paraibano",250318,"Itabaiana","Mogeiro",0.245
25,"Paraíba",250940,2010,2503,"Agreste Paraibano",250318,"Itabaiana","Mogeiro",0.574
25,"Paraíba",250950,2000,2503,"Agreste Paraibano",250314,"Esperança","Montadas",0.449
25,"Paraíba",250950,2010,2503,"Agreste Paraibano",250314,"Esperança","Montadas",0.59
25,"Paraíba",250950,1991,2503,"Agreste Paraibano",250314,"Esperança","Montadas",0.266
25,"Paraíba",250960,1991,2501,"Sertão Paraibano",250102,"Cajazeiras","Monte Horebe",0.287
25,"Paraíba",250960,2010,2501,"Sertão Paraibano",250102,"Cajazeiras","Monte Horebe",0.587
25,"Paraíba",250960,2000,2501,"Sertão Paraibano",250102,"Cajazeiras","Monte Horebe",0.426
25,"Paraíba",250970,2010,2502,"Borborema",250210,"Cariri Ocidental","Monteiro",0.628
25,"Paraíba",250970,2000,2502,"Borborema",250210,"Cariri Ocidental","Monteiro",0.452
25,"Paraíba",250970,1991,2502,"Borborema",250210,"Cariri Ocidental","Monteiro",0.341
25,"Paraíba",250980,2000,2503,"Agreste Paraibano",250316,"Guarabira","Mulungu",0.402
25,"Paraíba",250980,2010,2503,"Agreste Paraibano",250316,"Guarabira","Mulungu",0.565
25,"Paraíba",250980,1991,2503,"Agreste Paraibano",250316,"Guarabira","Mulungu",0.276
25,"Paraíba",250990,2010,2503,"Agreste Paraibano",250319,"Umbuzeiro","Natuba",0.541
25,"Paraíba",250990,2000,2503,"Agreste Paraibano",250319,"Umbuzeiro","Natuba",0.378
25,"Paraíba",250990,1991,2503,"Agreste Paraibano",250319,"Umbuzeiro","Natuba",0.267
25,"Paraíba",251000,2010,2501,"Sertão Paraibano",250103,"Sousa","Nazarezinho",0.562
25,"Paraíba",251000,1991,2501,"Sertão Paraibano",250103,"Sousa","Nazarezinho",0.265
25,"Paraíba",251000,2000,2501,"Sertão Paraibano",250103,"Sousa","Nazarezinho",0.394
25,"Paraíba",251010,2010,2503,"Agreste Paraibano",250312,"Curimataú Ocidental","Nova Floresta",0.601
25,"Paraíba",251010,2000,2503,"Agreste Paraibano",250312,"Curimataú Ocidental","Nova Floresta",0.423
25,"Paraíba",251010,1991,2503,"Agreste Paraibano",250312,"Curimataú Ocidental","Nova Floresta",0.314
25,"Paraíba",251020,2000,2501,"Sertão Paraibano",250105,"Piancó","Nova Olinda",0.382
25,"Paraíba",251020,2010,2501,"Sertão Paraibano",250105,"Piancó","Nova Olinda",0.573
25,"Paraíba",251020,1991,2501,"Sertão Paraibano",250105,"Piancó","Nova Olinda",0.24
25,"Paraíba",251030,2010,2502,"Borborema",250209,"Seridó Oriental Paraibano","Nova Palmeira",0.595
25,"Paraíba",251030,1991,2502,"Borborema",250209,"Seridó Oriental Paraibano","Nova Palmeira",0.291
25,"Paraíba",251030,2000,2502,"Borborema",250209,"Seridó Oriental Paraibano","Nova Palmeira",0.425
25,"Paraíba",251040,2010,2501,"Sertão Paraibano",250105,"Piancó","Olho d'Água",0.572
25,"Paraíba",251040,1991,2501,"Sertão Paraibano",250105,"Piancó","Olho d'Água",0.255
25,"Paraíba",251040,2000,2501,"Sertão Paraibano",250105,"Piancó","Olho d'Água",0.39
25,"Paraíba",251050,2010,2503,"Agreste Paraibano",250312,"Curimataú Ocidental","Olivedos",0.603
25,"Paraíba",251050,1991,2503,"Agreste Paraibano",250312,"Curimataú Ocidental","Olivedos",0.306
25,"Paraíba",251050,2000,2503,"Agreste Paraibano",250312,"Curimataú Ocidental","Olivedos",0.441
25,"Paraíba",251060,2000,2502,"Borborema",250210,"Cariri Ocidental","Ouro Velho",0.461
25,"Paraíba",251060,2010,2502,"Borborema",250210,"Cariri Ocidental","Ouro Velho",0.614
25,"Paraíba",251060,1991,2502,"Borborema",250210,"Cariri Ocidental","Ouro Velho",0.32
25,"Paraíba",251065,2010,2502,"Borborema",250210,"Cariri Ocidental","Parari",0.584
25,"Paraíba",251065,1991,2502,"Borborema",250210,"Cariri Ocidental","Parari",0.247
25,"Paraíba",251065,2000,2502,"Borborema",250210,"Cariri Ocidental","Parari",0.441
25,"Paraíba",251070,2010,2501,"Sertão Paraibano",250104,"Patos","Passagem",0.62
25,"Paraíba",251070,1991,2501,"Sertão Paraibano",250104,"Patos","Passagem",0.287
25,"Paraíba",251070,2000,2501,"Sertão Paraibano",250104,"Patos","Passagem",0.446
25,"Paraíba",251080,2010,2501,"Sertão Paraibano",250104,"Patos","Patos",0.701
25,"Paraíba",251080,1991,2501,"Sertão Paraibano",250104,"Patos","Patos",0.436
25,"Paraíba",251080,2000,2501,"Sertão Paraibano",250104,"Patos","Patos",0.557
25,"Paraíba",251090,1991,2501,"Sertão Paraibano",250103,"Sousa","Paulista",0.294
25,"Paraíba",251090,2000,2501,"Sertão Paraibano",250103,"Sousa","Paulista",0.415
25,"Paraíba",251090,2010,2501,"Sertão Paraibano",250103,"Sousa","Paulista",0.587
25,"Paraíba",251100,2010,2501,"Sertão Paraibano",250106,"Itaporanga","Pedra Branca",0.599
25,"Paraíba",251100,2000,2501,"Sertão Paraibano",250106,"Itaporanga","Pedra Branca",0.426
25,"Paraíba",251100,1991,2501,"Sertão Paraibano",250106,"Itaporanga","Pedra Branca",0.313
25,"Paraíba",251110,2010,2502,"Borborema",250209,"Seridó Oriental Paraibano","Pedra Lavrada",0.574
25,"Paraíba",251110,1991,2502,"Borborema",250209,"Seridó Oriental Paraibano","Pedra Lavrada",0.266
25,"Paraíba",251110,2000,2502,"Borborema",250209,"Seridó Oriental Paraibano","Pedra Lavrada",0.402
25,"Paraíba",251120,2010,2504,"Mata Paraibana",250423,"Litoral Sul","Pedras de Fogo",0.59
25,"Paraíba",251120,1991,2504,"Mata Paraibana",250423,"Litoral Sul","Pedras de Fogo",0.303
25,"Paraíba",251120,2000,2504,"Mata Paraibana",250423,"Litoral Sul","Pedras de Fogo",0.401
25,"Paraíba",251130,1991,2501,"Sertão Paraibano",250105,"Piancó","Piancó",0.36
25,"Paraíba",251130,2000,2501,"Sertão Paraibano",250105,"Piancó","Piancó",0.475
25,"Paraíba",251130,2010,2501,"Sertão Paraibano",250105,"Piancó","Piancó",0.621
25,"Paraíba",251140,2000,2502,"Borborema",250209,"Seridó Oriental Paraibano","Picuí",0.433
25,"Paraíba",251140,1991,2502,"Borborema",250209,"Seridó Oriental Paraibano","Picuí",0.305
25,"Paraíba",251140,2010,2502,"Borborema",250209,"Seridó Oriental Paraibano","Picuí",0.608
25,"Paraíba",251150,1991,2504,"Mata Paraibana",250421,"Sapé","Pilar",0.284
25,"Paraíba",251150,2010,2504,"Mata Paraibana",250421,"Sapé","Pilar",0.579
25,"Paraíba",251150,2000,2504,"Mata Paraibana",250421,"Sapé","Pilar",0.4
25,"Paraíba",251160,1991,2503,"Agreste Paraibano",250315,"Brejo Paraibano","Pilões",0.234
25,"Paraíba",251160,2000,2503,"Agreste Paraibano",250315,"Brejo Paraibano","Pilões",0.354
25,"Paraíba",251160,2010,2503,"Agreste Paraibano",250315,"Brejo Paraibano","Pilões",0.56
25,"Paraíba",251170,2000,2503,"Agreste Paraibano",250316,"Guarabira","Pilõezinhos",0.405
25,"Paraíba",251170,2010,2503,"Agreste Paraibano",250316,"Guarabira","Pilõezinhos",0.564
25,"Paraíba",251170,1991,2503,"Agreste Paraibano",250316,"Guarabira","Pilõezinhos",0.27
25,"Paraíba",251180,2000,2503,"Agreste Paraibano",250316,"Guarabira","Pirpirituba",0.46
25,"Paraíba",251180,2010,2503,"Agreste Paraibano",250316,"Guarabira","Pirpirituba",0.595
25,"Paraíba",251180,1991,2503,"Agreste Paraibano",250316,"Guarabira","Pirpirituba",0.315
25,"Paraíba",251190,2010,2504,"Mata Paraibana",250423,"Litoral Sul","Pitimbu",0.57
25,"Paraíba",251190,2000,2504,"Mata Paraibana",250423,"Litoral Sul","Pitimbu",0.429
25,"Paraíba",251190,1991,2504,"Mata Paraibana",250423,"Litoral Sul","Pitimbu",0.276
25,"Paraíba",251200,1991,2503,"Agreste Paraibano",250312,"Curimataú Ocidental","Pocinhos",0.318
25,"Paraíba",251200,2000,2503,"Agreste Paraibano",250312,"Curimataú Ocidental","Pocinhos",0.426
25,"Paraíba",251200,2010,2503,"Agreste Paraibano",250312,"Curimataú Ocidental","Pocinhos",0.591
25,"Paraíba",251203,2010,2501,"Sertão Paraibano",250102,"Cajazeiras","Poço Dantas",0.525
25,"Paraíba",251203,2000,2501,"Sertão Paraibano",250102,"Cajazeiras","Poço Dantas",0.327
25,"Paraíba",251203,1991,2501,"Sertão Paraibano",250102,"Cajazeiras","Poço Dantas",0.203
25,"Paraíba",251207,2010,2501,"Sertão Paraibano",250102,"Cajazeiras","Poço de José de Moura",0.612
25,"Paraíba",251207,1991,2501,"Sertão Paraibano",250102,"Cajazeiras","Poço de José de Moura",0.276
25,"Paraíba",251207,2000,2501,"Sertão Paraibano",250102,"Cajazeiras","Poço de José de Moura",0.422
25,"Paraíba",251210,2010,2501,"Sertão Paraibano",250103,"Sousa","Pombal",0.634
25,"Paraíba",251210,1991,2501,"Sertão Paraibano",250103,"Sousa","Pombal",0.364
25,"Paraíba",251210,2000,2501,"Sertão Paraibano",250103,"Sousa","Pombal",0.472
25,"Paraíba",251220,2010,2502,"Borborema",250210,"Cariri Ocidental","Prata",0.608
25,"Paraíba",251220,2000,2502,"Borborema",250210,"Cariri Ocidental","Prata",0.434
25,"Paraíba",251220,1991,2502,"Borborema",250210,"Cariri Ocidental","Prata",0.308
25,"Paraíba",251230,2010,2501,"Sertão Paraibano",250107,"Serra do Teixeira","Princesa Isabel",0.606
25,"Paraíba",251230,2000,2501,"Sertão Paraibano",250107,"Serra do Teixeira","Princesa Isabel",0.466
25,"Paraíba",251230,1991,2501,"Sertão Paraibano",250107,"Serra do Teixeira","Princesa Isabel",0.352
25,"Paraíba",251240,1991,2503,"Agreste Paraibano",250317,"Campina Grande","Puxinanã",0.317
25,"Paraíba",251240,2010,2503,"Agreste Paraibano",250317,"Campina Grande","Puxinanã",0.617
25,"Paraíba",251240,2000,2503,"Agreste Paraibano",250317,"Campina Grande","Puxinanã",0.436
25,"Paraíba",251250,2010,2503,"Agreste Paraibano",250317,"Campina Grande","Queimadas",0.608
25,"Paraíba",251250,2000,2503,"Agreste Paraibano",250317,"Campina Grande","Queimadas",0.431
25,"Paraíba",251250,1991,2503,"Agreste Paraibano",250317,"Campina Grande","Queimadas",0.297
25,"Paraíba",251260,2010,2501,"Sertão Paraibano",250104,"Patos","Quixabá",0.622
25,"Paraíba",251260,2000,2501,"Sertão Paraibano",250104,"Patos","Quixabá",0.416
25,"Paraíba",251260,1991,2501,"Sertão Paraibano",250104,"Patos","Quixabá",0.255
25,"Paraíba",251270,1991,2503,"Agreste Paraibano",250312,"Curimataú Ocidental","Remígio",0.319
25,"Paraíba",251270,2010,2503,"Agreste Paraibano",250312,"Curimataú Ocidental","Remígio",0.607
25,"Paraíba",251270,2000,2503,"Agreste Paraibano",250312,"Curimataú Ocidental","Remígio",0.436
25,"Paraíba",251272,2010,2504,"Mata Paraibana",250420,"Litoral Norte","Pedro Régis",0.542
25,"Paraíba",251272,2000,2504,"Mata Paraibana",250420,"Litoral Norte","Pedro Régis",0.319
25,"Paraíba",251272,1991,2504,"Mata Paraibana",250420,"Litoral Norte","Pedro Régis",0.215
25,"Paraíba",251274,2010,2503,"Agreste Paraibano",250313,"Curimataú Oriental","Riachão",0.574
25,"Paraíba",251274,2000,2503,"Agreste Paraibano",250313,"Curimataú Oriental","Riachão",0.362
25,"Paraíba",251274,1991,2503,"Agreste Paraibano",250313,"Curimataú Oriental","Riachão",0.237
25,"Paraíba",251275,2010,2503,"Agreste Paraibano",250318,"Itabaiana","Riachão do Bacamarte",0.553
25,"Paraíba",251275,2000,2503,"Agreste Paraibano",250318,"Itabaiana","Riachão do Bacamarte",0.394
25,"Paraíba",251275,1991,2503,"Agreste Paraibano",250318,"Itabaiana","Riachão do Bacamarte",0.26
25,"Paraíba",251276,2000,2504,"Mata Paraibana",250421,"Sapé","Riachão do Poço",0.381
25,"Paraíba",251276,1991,2504,"Mata Paraibana",250421,"Sapé","Riachão do Poço",0.222
25,"Paraíba",251276,2010,2504,"Mata Paraibana",250421,"Sapé","Riachão do Poço",0.555
25,"Paraíba",251278,2010,2502,"Borborema",250211,"Cariri Oriental","Riacho de Santo Antônio",0.594
25,"Paraíba",251278,1991,2502,"Borborema",250211,"Cariri Oriental","Riacho de Santo Antônio",0.248
25,"Paraíba",251278,2000,2502,"Borborema",250211,"Cariri Oriental","Riacho de Santo Antônio",0.42
25,"Paraíba",251280,2010,2501,"Sertão Paraibano",250101,"Catolé do Rocha","Riacho dos Cavalos",0.568
25,"Paraíba",251280,2000,2501,"Sertão Paraibano",250101,"Catolé do Rocha","Riacho dos Cavalos",0.366
25,"Paraíba",251280,1991,2501,"Sertão Paraibano",250101,"Catolé do Rocha","Riacho dos Cavalos",0.268
25,"Paraíba",251290,2010,2504,"Mata Paraibana",250420,"Litoral Norte","Rio Tinto",0.585
25,"Paraíba",251290,2000,2504,"Mata Paraibana",250420,"Litoral Norte","Rio Tinto",0.447
25,"Paraíba",251290,1991,2504,"Mata Paraibana",250420,"Litoral Norte","Rio Tinto",0.345
25,"Paraíba",251300,2010,2502,"Borborema",250208,"Seridó Ocidental Paraibano","Salgadinho",0.563
25,"Paraíba",251300,2000,2502,"Borborema",250208,"Seridó Ocidental Paraibano","Salgadinho",0.395
25,"Paraíba",251300,1991,2502,"Borborema",250208,"Seridó Ocidental Paraibano","Salgadinho",0.245
25,"Paraíba",251310,2010,2503,"Agreste Paraibano",250318,"Itabaiana","Salgado de São Félix",0.568
25,"Paraíba",251310,2000,2503,"Agreste Paraibano",250318,"Itabaiana","Salgado de São Félix",0.42
25,"Paraíba",251310,1991,2503,"Agreste Paraibano",250318,"Itabaiana","Salgado de São Félix",0.274
25,"Paraíba",251315,2000,2503,"Agreste Paraibano",250319,"Umbuzeiro","Santa Cecília",0.32
25,"Paraíba",251315,2010,2503,"Agreste Paraibano",250319,"Umbuzeiro","Santa Cecília",0.525
25,"Paraíba",251315,1991,2503,"Agreste Paraibano",250319,"Umbuzeiro","Santa Cecília",0.191
25,"Paraíba",251320,2000,2501,"Sertão Paraibano",250103,"Sousa","Santa Cruz",0.476
25,"Paraíba",251320,2010,2501,"Sertão Paraibano",250103,"Sousa","Santa Cruz",0.618
25,"Paraíba",251320,1991,2501,"Sertão Paraibano",250103,"Sousa","Santa Cruz",0.309
25,"Paraíba",251330,1991,2501,"Sertão Paraibano",250102,"Cajazeiras","Santa Helena",0.321
25,"Paraíba",251330,2000,2501,"Sertão Paraibano",250102,"Cajazeiras","Santa Helena",0.44
25,"Paraíba",251330,2010,2501,"Sertão Paraibano",250102,"Cajazeiras","Santa Helena",0.609
25,"Paraíba",251335,2010,2501,"Sertão Paraibano",250106,"Itaporanga","Santa Inês",0.572
25,"Paraíba",251335,1991,2501,"Sertão Paraibano",250106,"Itaporanga","Santa Inês",0.246
25,"Paraíba",251335,2000,2501,"Sertão Paraibano",250106,"Itaporanga","Santa Inês",0.336
25,"Paraíba",251340,1991,2502,"Borborema",250208,"Seridó Ocidental Paraibano","Santa Luzia",0.417
25,"Paraíba",251340,2010,2502,"Borborema",250208,"Seridó Ocidental Paraibano","Santa Luzia",0.682
25,"Paraíba",251340,2000,2502,"Borborema",250208,"Seridó Ocidental Paraibano","Santa Luzia",0.524
25,"Paraíba",251350,1991,2501,"Sertão Paraibano",250106,"Itaporanga","Santana de Mangueira",0.203
25,"Paraíba",251350,2000,2501,"Sertão Paraibano",250106,"Itaporanga","Santana de Mangueira",0.363
25,"Paraíba",251350,2010,2501,"Sertão Paraibano",250106,"Itaporanga","Santana de Mangueira",0.535
25,"Paraíba",251360,2000,2501,"Sertão Paraibano",250105,"Piancó","Santana dos Garrotes",0.448
25,"Paraíba",251360,2010,2501,"Sertão Paraibano",250105,"Piancó","Santana dos Garrotes",0.594
25,"Paraíba",251360,1991,2501,"Sertão Paraibano",250105,"Piancó","Santana dos Garrotes",0.297
25,"Paraíba",251365,2010,2501,"Sertão Paraibano",250102,"Cajazeiras","Joca Claudino",0.622
25,"Paraíba",251365,1991,2501,"Sertão Paraibano",250102,"Cajazeiras","Joca Claudino",0.24
25,"Paraíba",251365,2000,2501,"Sertão Paraibano",250102,"Cajazeiras","Joca Claudino",0.425
25,"Paraíba",251370,2010,2504,"Mata Paraibana",250422,"João Pessoa","Santa Rita",0.627
25,"Paraíba",251370,1991,2504,"Mata Paraibana",250422,"João Pessoa","Santa Rita",0.367
25,"Paraíba",251370,2000,2504,"Mata Paraibana",250422,"João Pessoa","Santa Rita",0.472
25,"Paraíba",251380,1991,2501,"Sertão Paraibano",250104,"Patos","Santa Teresinha",0.251
25,"Paraíba",251380,2000,2501,"Sertão Paraibano",250104,"Patos","Santa Teresinha",0.42
25,"Paraíba",251380,2010,2501,"Sertão Paraibano",250104,"Patos","Santa Teresinha",0.627
25,"Paraíba",251385,1991,2502,"Borborema",250211,"Cariri Oriental","Santo André",0.319
25,"Paraíba",251385,2000,2502,"Borborema",250211,"Cariri Oriental","Santo André",0.449
25,"Paraíba",251385,2010,2502,"Borborema",250211,"Cariri Oriental","Santo André",0.6
25,"Paraíba",251390,2010,2501,"Sertão Paraibano",250101,"Catolé do Rocha","São Bento",0.58
25,"Paraíba",251390,2000,2501,"Sertão Paraibano",250101,"Catolé do Rocha","São Bento",0.424
25,"Paraíba",251390,1991,2501,"Sertão Paraibano",250101,"Catolé do Rocha","São Bento",0.292
25,"Paraíba",251392,2010,2501,"Sertão Paraibano",250103,"Sousa","São Bentinho",0.606
25,"Paraíba",251392,1991,2501,"Sertão Paraibano",250103,"Sousa","São Bentinho",0.241
25,"Paraíba",251392,2000,2501,"Sertão Paraibano",250103,"Sousa","São Bentinho",0.369
25,"Paraíba",251394,1991,2502,"Borborema",250211,"Cariri Oriental","São Domingos do Cariri",0.291
25,"Paraíba",251394,2000,2502,"Borborema",250211,"Cariri Oriental","São Domingos do Cariri",0.493
25,"Paraíba",251394,2010,2502,"Borborema",250211,"Cariri Oriental","São Domingos do Cariri",0.589
25,"Paraíba",251396,2000,2501,"Sertão Paraibano",250103,"Sousa","São Domingos",0.348
25,"Paraíba",251396,1991,2501,"Sertão Paraibano",250103,"Sousa","São Domingos",0.205
25,"Paraíba",251396,2010,2501,"Sertão Paraibano",250103,"Sousa","São Domingos",0.548
25,"Paraíba",251398,2000,2501,"Sertão Paraibano",250103,"Sousa","São Francisco",0.403
25,"Paraíba",251398,1991,2501,"Sertão Paraibano",250103,"Sousa","São Francisco",0.246
25,"Paraíba",251398,2010,2501,"Sertão Paraibano",250103,"Sousa","São Francisco",0.58
25,"Paraíba",251400,1991,2502,"Borborema",250211,"Cariri Oriental","São João do Cariri",0.349
25,"Paraíba",251400,2010,2502,"Borborema",250211,"Cariri Oriental","São João do Cariri",0.622
25,"Paraíba",251400,2000,2502,"Borborema",250211,"Cariri Oriental","São João do Cariri",0.463
25,"Paraíba",251410,1991,2502,"Borborema",250210,"Cariri Ocidental","São João do Tigre",0.264
25,"Paraíba",251410,2000,2502,"Borborema",250210,"Cariri Ocidental","São João do Tigre",0.369
25,"Paraíba",251410,2010,2502,"Borborema",250210,"Cariri Ocidental","São João do Tigre",0.552
25,"Paraíba",251420,2000,2501,"Sertão Paraibano",250103,"Sousa","São José da Lagoa Tapada",0.341
25,"Paraíba",251420,2010,2501,"Sertão Paraibano",250103,"Sousa","São José da Lagoa Tapada",0.53
25,"Paraíba",251420,1991,2501,"Sertão Paraibano",250103,"Sousa","São José da Lagoa Tapada",0.247
25,"Paraíba",251430,2000,2501,"Sertão Paraibano",250106,"Itaporanga","São José de Caiana",0.349
25,"Paraíba",251430,2010,2501,"Sertão Paraibano",250106,"Itaporanga","São José de Caiana",0.565
25,"Paraíba",251430,1991,2501,"Sertão Paraibano",250106,"Itaporanga","São José de Caiana",0.239
25,"Paraíba",251440,2010,2501,"Sertão Paraibano",250104,"Patos","São José de Espinharas",0.577
25,"Paraíba",251440,2000,2501,"Sertão Paraibano",250104,"Patos","São José de Espinharas",0.406
25,"Paraíba",251440,1991,2501,"Sertão Paraibano",250104,"Patos","São José de Espinharas",0.241
25,"Paraíba",251445,1991,2504,"Mata Paraibana",250421,"Sapé","São José dos Ramos",0.204
25,"Paraíba",251445,2000,2504,"Mata Paraibana",250421,"Sapé","São José dos Ramos",0.357
25,"Paraíba",251445,2010,2504,"Mata Paraibana",250421,"Sapé","São José dos Ramos",0.541
25,"Paraíba",251450,2000,2501,"Sertão Paraibano",250102,"Cajazeiras","São José de Piranhas",0.416
25,"Paraíba",251450,2010,2501,"Sertão Paraibano",250102,"Cajazeiras","São José de Piranhas",0.591
25,"Paraíba",251450,1991,2501,"Sertão Paraibano",250102,"Cajazeiras","São José de Piranhas",0.284
25,"Paraíba",251455,2010,2501,"Sertão Paraibano",250107,"Serra do Teixeira","São José de Princesa",0.565
25,"Paraíba",251455,2000,2501,"Sertão Paraibano",250107,"Serra do Teixeira","São José de Princesa",0.413
25,"Paraíba",251455,1991,2501,"Sertão Paraibano",250107,"Serra do Teixeira","São José de Princesa",0.28
25,"Paraíba",251460,2010,2501,"Sertão Paraibano",250104,"Patos","São José do Bonfim",0.578
25,"Paraíba",251460,1991,2501,"Sertão Paraibano",250104,"Patos","São José do Bonfim",0.262
25,"Paraíba",251460,2000,2501,"Sertão Paraibano",250104,"Patos","São José do Bonfim",0.401
25,"Paraíba",251465,2010,2501,"Sertão Paraibano",250101,"Catolé do Rocha","São José do Brejo do Cruz",0.581
25,"Paraíba",251465,2000,2501,"Sertão Paraibano",250101,"Catolé do Rocha","São José do Brejo do Cruz",0.394
25,"Paraíba",251465,1991,2501,"Sertão Paraibano",250101,"Catolé do Rocha","São José do Brejo do Cruz",0.245
25,"Paraíba",251470,2010,2502,"Borborema",250208,"Seridó Ocidental Paraibano","São José do Sabugi",0.617
25,"Paraíba",251470,2000,2502,"Borborema",250208,"Seridó Ocidental Paraibano","São José do Sabugi",0.482
25,"Paraíba",251470,1991,2502,"Borborema",250208,"Seridó Ocidental Paraibano","São José do Sabugi",0.304
25,"Paraíba",251480,1991,2502,"Borborema",250210,"Cariri Ocidental","São José dos Cordeiros",0.288
25,"Paraíba",251480,2010,2502,"Borborema",250210,"Cariri Ocidental","São José dos Cordeiros",0.556
25,"Paraíba",251480,2000,2502,"Borborema",250210,"Cariri Ocidental","São José dos Cordeiros",0.393
25,"Paraíba",251490,2010,2502,"Borborema",250208,"Seridó Ocidental Paraibano","São Mamede",0.641
25,"Paraíba",251490,1991,2502,"Borborema",250208,"Seridó Ocidental Paraibano","São Mamede",0.348
25,"Paraíba",251490,2000,2502,"Borborema",250208,"Seridó Ocidental Paraibano","São Mamede",0.489
25,"Paraíba",251500,2000,2504,"Mata Paraibana",250421,"Sapé","São Miguel de Taipu",0.374
25,"Paraíba",251500,2010,2504,"Mata Paraibana",250421,"Sapé","São Miguel de Taipu",0.548
25,"Paraíba",251500,1991,2504,"Mata Paraibana",250421,"Sapé","São Miguel de Taipu",0.235
25,"Paraíba",251510,2010,2503,"Agreste Paraibano",250314,"Esperança","São Sebastião de Lagoa de Roça",0.594
25,"Paraíba",251510,2000,2503,"Agreste Paraibano",250314,"Esperança","São Sebastião de Lagoa de Roça",0.443
25,"Paraíba",251510,1991,2503,"Agreste Paraibano",250314,"Esperança","São Sebastião de Lagoa de Roça",0.277
25,"Paraíba",251520,2010,2502,"Borborema",250210,"Cariri Ocidental","São Sebastião do Umbuzeiro",0.581
25,"Paraíba",251520,2000,2502,"Borborema",250210,"Cariri Ocidental","São Sebastião do Umbuzeiro",0.453
25,"Paraíba",251520,1991,2502,"Borborema",250210,"Cariri Ocidental","São Sebastião do Umbuzeiro",0.322
25,"Paraíba",251530,2010,2504,"Mata Paraibana",250421,"Sapé","Sapé",0.569
25,"Paraíba",251530,2000,2504,"Mata Paraibana",250421,"Sapé","Sapé",0.406
25,"Paraíba",251530,1991,2504,"Mata Paraibana",250421,"Sapé","Sapé",0.296
25,"Paraíba",251540,2010,2502,"Borborema",250209,"Seridó Oriental Paraibano","Seridó",0.555
25,"Paraíba",251540,1991,2502,"Borborema",250209,"Seridó Oriental Paraibano","Seridó",0.21
25,"Paraíba",251540,2000,2502,"Borborema",250209,"Seridó Oriental Paraibano","Seridó",0.361
25,"Paraíba",251550,1991,2502,"Borborema",250210,"Cariri Ocidental","Serra Branca",0.346
25,"Paraíba",251550,2000,2502,"Borborema",250210,"Cariri Ocidental","Serra Branca",0.476
25,"Paraíba",251550,2010,2502,"Borborema",250210,"Cariri Ocidental","Serra Branca",0.628
25,"Paraíba",251560,2000,2503,"Agreste Paraibano",250316,"Guarabira","Serra da Raiz",0.455
25,"Paraíba",251560,1991,2503,"Agreste Paraibano",250316,"Guarabira","Serra da Raiz",0.274
25,"Paraíba",251560,2010,2503,"Agreste Paraibano",250316,"Guarabira","Serra da Raiz",0.626
25,"Paraíba",251570,2010,2501,"Sertão Paraibano",250106,"Itaporanga","Serra Grande",0.586
25,"Paraíba",251570,2000,2501,"Sertão Paraibano",250106,"Itaporanga","Serra Grande",0.391
25,"Paraíba",251570,1991,2501,"Sertão Paraibano",250106,"Itaporanga","Serra Grande",0.262
25,"Paraíba",251580,2000,2503,"Agreste Paraibano",250317,"Campina Grande","Serra Redonda",0.407
25,"Paraíba",251580,1991,2503,"Agreste Paraibano",250317,"Campina Grande","Serra Redonda",0.279
25,"Paraíba",251580,2010,2503,"Agreste Paraibano",250317,"Campina Grande","Serra Redonda",0.57
25,"Paraíba",251590,2000,2503,"Agreste Paraibano",250315,"Brejo Paraibano","Serraria",0.383
25,"Paraíba",251590,2010,2503,"Agreste Paraibano",250315,"Brejo Paraibano","Serraria",0.547
25,"Paraíba",251590,1991,2503,"Agreste Paraibano",250315,"Brejo Paraibano","Serraria",0.262
25,"Paraíba",251593,2000,2503,"Agreste Paraibano",250316,"Guarabira","Sertãozinho",0.434
25,"Paraíba",251593,1991,2503,"Agreste Paraibano",250316,"Guarabira","Sertãozinho",0.309
25,"Paraíba",251593,2010,2503,"Agreste Paraibano",250316,"Guarabira","Sertãozinho",0.621
25,"Paraíba",251597,2000,2504,"Mata Paraibana",250421,"Sapé","Sobrado",0.409
25,"Paraíba",251597,2010,2504,"Mata Paraibana",250421,"Sapé","Sobrado",0.573
25,"Paraíba",251597,1991,2504,"Mata Paraibana",250421,"Sapé","Sobrado",0.239
25,"Paraíba",251600,2000,2503,"Agreste Paraibano",250313,"Curimataú Oriental","Solânea",0.428
25,"Paraíba",251600,1991,2503,"Agreste Paraibano",250313,"Curimataú Oriental","Solânea",0.322
25,"Paraíba",251600,2010,2503,"Agreste Paraibano",250313,"Curimataú Oriental","Solânea",0.595
25,"Paraíba",251610,2000,2503,"Agreste Paraibano",250312,"Curimataú Ocidental","Soledade",0.442
25,"Paraíba",251610,1991,2503,"Agreste Paraibano",250312,"Curimataú Ocidental","Soledade",0.342
25,"Paraíba",251610,2010,2503,"Agreste Paraibano",250312,"Curimataú Ocidental","Soledade",0.616
25,"Paraíba",251615,2000,2503,"Agreste Paraibano",250312,"Curimataú Ocidental","Sossêgo",0.393
25,"Paraíba",251615,1991,2503,"Agreste Paraibano",250312,"Curimataú Ocidental","Sossêgo",0.24
25,"Paraíba",251615,2010,2503,"Agreste Paraibano",250312,"Curimataú Ocidental","Sossêgo",0.573
25,"Paraíba",251620,2010,2501,"Sertão Paraibano",250103,"Sousa","Sousa",0.668
25,"Paraíba",251620,2000,2501,"Sertão Paraibano",250103,"Sousa","Sousa",0.508
25,"Paraíba",251620,1991,2501,"Sertão Paraibano",250103,"Sousa","Sousa",0.378
25,"Paraíba",251630,2010,2502,"Borborema",250210,"Cariri Ocidental","Sumé",0.627
25,"Paraíba",251630,1991,2502,"Borborema",250210,"Cariri Ocidental","Sumé",0.349
25,"Paraíba",251630,2000,2502,"Borborema",250210,"Cariri Ocidental","Sumé",0.469
25,"Paraíba",251640,2000,2503,"Agreste Paraibano",250313,"Curimataú Oriental","Tacima",0.379
25,"Paraíba",251640,1991,2503,"Agreste Paraibano",250313,"Curimataú Oriental","Tacima",0.261
25,"Paraíba",251640,2010,2503,"Agreste Paraibano",250313,"Curimataú Oriental","Tacima",0.551
25,"Paraíba",251650,2000,2502,"Borborema",250210,"Cariri Ocidental","Taperoá",0.416
25,"Paraíba",251650,1991,2502,"Borborema",250210,"Cariri Ocidental","Taperoá",0.285
25,"Paraíba",251650,2010,2502,"Borborema",250210,"Cariri Ocidental","Taperoá",0.578
25,"Paraíba",251660,2010,2501,"Sertão Paraibano",250107,"Serra do Teixeira","Tavares",0.586
25,"Paraíba",251660,2000,2501,"Sertão Paraibano",250107,"Serra do Teixeira","Tavares",0.379
25,"Paraíba",251660,1991,2501,"Sertão Paraibano",250107,"Serra do Teixeira","Tavares",0.306
25,"Paraíba",251670,2010,2501,"Sertão Paraibano",250107,"Serra do Teixeira","Teixeira",0.605
25,"Paraíba",251670,1991,2501,"Sertão Paraibano",250107,"Serra do Teixeira","Teixeira",0.305
25,"Paraíba",251670,2000,2501,"Sertão Paraibano",250107,"Serra do Teixeira","Teixeira",0.427
25,"Paraíba",251675,1991,2502,"Borborema",250209,"Seridó Oriental Paraibano","Tenório",0.231
25,"Paraíba",251675,2000,2502,"Borborema",250209,"Seridó Oriental Paraibano","Tenório",0.386
25,"Paraíba",251675,2010,2502,"Borborema",250209,"Seridó Oriental Paraibano","Tenório",0.581
25,"Paraíba",251680,1991,2501,"Sertão Paraibano",250102,"Cajazeiras","Triunfo",0.301
25,"Paraíba",251680,2010,2501,"Sertão Paraibano",250102,"Cajazeiras","Triunfo",0.609
25,"Paraíba",251680,2000,2501,"Sertão Paraibano",250102,"Cajazeiras","Triunfo",0.429
25,"Paraíba",251690,2010,2501,"Sertão Paraibano",250102,"Cajazeiras","Uiraúna",0.636
25,"Paraíba",251690,1991,2501,"Sertão Paraibano",250102,"Cajazeiras","Uiraúna",0.337
25,"Paraíba",251690,2000,2501,"Sertão Paraibano",250102,"Cajazeiras","Uiraúna",0.485
25,"Paraíba",251700,2010,2503,"Agreste Paraibano",250319,"Umbuzeiro","Umbuzeiro",0.584
25,"Paraíba",251700,1991,2503,"Agreste Paraibano",250319,"Umbuzeiro","Umbuzeiro",0.283
25,"Paraíba",251700,2000,2503,"Agreste Paraibano",250319,"Umbuzeiro","Umbuzeiro",0.406
25,"Paraíba",251710,1991,2502,"Borborema",250208,"Seridó Ocidental Paraibano","Várzea",0.37
25,"Paraíba",251710,2010,2502,"Borborema",250208,"Seridó Ocidental Paraibano","Várzea",0.707
25,"Paraíba",251710,2000,2502,"Borborema",250208,"Seridó Ocidental Paraibano","Várzea",0.555
25,"Paraíba",251720,2000,2501,"Sertão Paraibano",250103,"Sousa","Vieirópolis",0.378
25,"Paraíba",251720,1991,2501,"Sertão Paraibano",250103,"Sousa","Vieirópolis",0.217
25,"Paraíba",251720,2010,2501,"Sertão Paraibano",250103,"Sousa","Vieirópolis",0.571
25,"Paraíba",251740,2010,2502,"Borborema",250210,"Cariri Ocidental","Zabelê",0.623
25,"Paraíba",251740,1991,2502,"Borborema",250210,"Cariri Ocidental","Zabelê",0.324
25,"Paraíba",251740,2000,2502,"Borborema",250210,"Cariri Ocidental","Zabelê",0.484
