"COD_UF","NOME_UF","COD_MUNICIPIO","ANO","COD_MESO","NOME_MESO","COD_MICRO","NOME_MICRO","NOME_MUNICIPIO","INDICADOR_208"
25,"Paraíba",250010,1991,2501,"Sertão Paraibano",250107,"Serra do Teixeira","Água Branca",0.474
25,"Paraíba",250010,2010,2501,"Sertão Paraibano",250107,"Serra do Teixeira","Água Branca",0.712
25,"Paraíba",250010,2000,2501,"Sertão Paraibano",250107,"Serra do Teixeira","Água Branca",0.606
25,"Paraíba",250020,2010,2501,"Sertão Paraibano",250105,"Piancó","Aguiar",0.753
25,"Paraíba",250020,1991,2501,"Sertão Paraibano",250105,"Piancó","Aguiar",0.508
25,"Paraíba",250020,2000,2501,"Sertão Paraibano",250105,"Piancó","Aguiar",0.619
25,"Paraíba",250030,1991,2503,"Agreste Paraibano",250315,"Brejo Paraibano","Alagoa Grande",0.625
25,"Paraíba",250030,2010,2503,"Agreste Paraibano",250315,"Brejo Paraibano","Alagoa Grande",0.797
25,"Paraíba",250030,2000,2503,"Agreste Paraibano",250315,"Brejo Paraibano","Alagoa Grande",0.684
25,"Paraíba",250040,2010,2503,"Agreste Paraibano",250315,"Brejo Paraibano","Alagoa Nova",0.749
25,"Paraíba",250040,2000,2503,"Agreste Paraibano",250315,"Brejo Paraibano","Alagoa Nova",0.637
25,"Paraíba",250040,1991,2503,"Agreste Paraibano",250315,"Brejo Paraibano","Alagoa Nova",0.517
25,"Paraíba",250050,2010,2503,"Agreste Paraibano",250316,"Guarabira","Alagoinha",0.795
25,"Paraíba",250050,1991,2503,"Agreste Paraibano",250316,"Guarabira","Alagoinha",0.536
25,"Paraíba",250050,2000,2503,"Agreste Paraibano",250316,"Guarabira","Alagoinha",0.662
25,"Paraíba",250053,1991,2502,"Borborema",250211,"Cariri Oriental","Alcantil",0.601
25,"Paraíba",250053,2000,2502,"Borborema",250211,"Cariri Oriental","Alcantil",0.625
25,"Paraíba",250053,2010,2502,"Borborema",250211,"Cariri Oriental","Alcantil",0.765
25,"Paraíba",250057,2010,2503,"Agreste Paraibano",250312,"Curimataú Ocidental","Algodão de Jandaíra",0.749
25,"Paraíba",250057,2000,2503,"Agreste Paraibano",250312,"Curimataú Ocidental","Algodão de Jandaíra",0.612
25,"Paraíba",250057,1991,2503,"Agreste Paraibano",250312,"Curimataú Ocidental","Algodão de Jandaíra",0.523
25,"Paraíba",250060,2010,2504,"Mata Paraibana",250423,"Litoral Sul","Alhandra",0.778
25,"Paraíba",250060,2000,2504,"Mata Paraibana",250423,"Litoral Sul","Alhandra",0.64
25,"Paraíba",250060,1991,2504,"Mata Paraibana",250423,"Litoral Sul","Alhandra",0.504
25,"Paraíba",250070,2000,2501,"Sertão Paraibano",250102,"Cajazeiras","São João do Rio do Peixe",0.656
25,"Paraíba",250070,1991,2501,"Sertão Paraibano",250102,"Cajazeiras","São João do Rio do Peixe",0.527
25,"Paraíba",250070,2010,2501,"Sertão Paraibano",250102,"Cajazeiras","São João do Rio do Peixe",0.782
25,"Paraíba",250073,2000,2502,"Borborema",250210,"Cariri Ocidental","Amparo",0.619
25,"Paraíba",250073,2010,2502,"Borborema",250210,"Cariri Ocidental","Amparo",0.752
25,"Paraíba",250073,1991,2502,"Borborema",250210,"Cariri Ocidental","Amparo",0.568
25,"Paraíba",250077,2000,2501,"Sertão Paraibano",250103,"Sousa","Aparecida",0.643
25,"Paraíba",250077,2010,2501,"Sertão Paraibano",250103,"Sousa","Aparecida",0.747
25,"Paraíba",250077,1991,2501,"Sertão Paraibano",250103,"Sousa","Aparecida",0.613
25,"Paraíba",250080,2000,2503,"Agreste Paraibano",250316,"Guarabira","Araçagi",0.631
25,"Paraíba",250080,2010,2503,"Agreste Paraibano",250316,"Guarabira","Araçagi",0.745
25,"Paraíba",250080,1991,2503,"Agreste Paraibano",250316,"Guarabira","Araçagi",0.498
25,"Paraíba",250090,2000,2503,"Agreste Paraibano",250312,"Curimataú Ocidental","Arara",0.6
25,"Paraíba",250090,1991,2503,"Agreste Paraibano",250312,"Curimataú Ocidental","Arara",0.474
25,"Paraíba",250090,2010,2503,"Agreste Paraibano",250312,"Curimataú Ocidental","Arara",0.712
25,"Paraíba",250100,1991,2503,"Agreste Paraibano",250313,"Curimataú Oriental","Araruna",0.497
25,"Paraíba",250100,2010,2503,"Agreste Paraibano",250313,"Curimataú Oriental","Araruna",0.758
25,"Paraíba",250100,2000,2503,"Agreste Paraibano",250313,"Curimataú Oriental","Araruna",0.619
25,"Paraíba",250110,2010,2503,"Agreste Paraibano",250315,"Brejo Paraibano","Areia",0.756
25,"Paraíba",250110,1991,2503,"Agreste Paraibano",250315,"Brejo Paraibano","Areia",0.616
25,"Paraíba",250110,2000,2503,"Agreste Paraibano",250315,"Brejo Paraibano","Areia",0.643
25,"Paraíba",250115,2000,2501,"Sertão Paraibano",250104,"Patos","Areia de Baraúnas",0.591
25,"Paraíba",250115,1991,2501,"Sertão Paraibano",250104,"Patos","Areia de Baraúnas",0.457
25,"Paraíba",250115,2010,2501,"Sertão Paraibano",250104,"Patos","Areia de Baraúnas",0.68
25,"Paraíba",250120,2000,2503,"Agreste Paraibano",250314,"Esperança","Areial",0.649
25,"Paraíba",250120,1991,2503,"Agreste Paraibano",250314,"Esperança","Areial",0.514
25,"Paraíba",250120,2010,2503,"Agreste Paraibano",250314,"Esperança","Areial",0.779
25,"Paraíba",250130,2000,2503,"Agreste Paraibano",250319,"Umbuzeiro","Aroeiras",0.632
25,"Paraíba",250130,2010,2503,"Agreste Paraibano",250319,"Umbuzeiro","Aroeiras",0.745
25,"Paraíba",250130,1991,2503,"Agreste Paraibano",250319,"Umbuzeiro","Aroeiras",0.5
25,"Paraíba",250135,2000,2502,"Borborema",250210,"Cariri Ocidental","Assunção",0.608
25,"Paraíba",250135,2010,2502,"Borborema",250210,"Cariri Ocidental","Assunção",0.738
25,"Paraíba",250135,1991,2502,"Borborema",250210,"Cariri Ocidental","Assunção",0.528
25,"Paraíba",250140,2010,2504,"Mata Paraibana",250420,"Litoral Norte","Baía da Traição",0.731
25,"Paraíba",250140,1991,2504,"Mata Paraibana",250420,"Litoral Norte","Baía da Traição",0.542
25,"Paraíba",250140,2000,2504,"Mata Paraibana",250420,"Litoral Norte","Baía da Traição",0.607
25,"Paraíba",250150,2010,2503,"Agreste Paraibano",250315,"Brejo Paraibano","Bananeiras",0.766
25,"Paraíba",250150,2000,2503,"Agreste Paraibano",250315,"Brejo Paraibano","Bananeiras",0.675
25,"Paraíba",250150,1991,2503,"Agreste Paraibano",250315,"Brejo Paraibano","Bananeiras",0.638
25,"Paraíba",250153,2010,2502,"Borborema",250209,"Seridó Oriental Paraibano","Baraúna",0.718
25,"Paraíba",250153,2000,2502,"Borborema",250209,"Seridó Oriental Paraibano","Baraúna",0.594
25,"Paraíba",250153,1991,2502,"Borborema",250209,"Seridó Oriental Paraibano","Baraúna",0.558
25,"Paraíba",250157,2000,2502,"Borborema",250211,"Cariri Oriental","Barra de Santana",0.619
25,"Paraíba",250157,1991,2502,"Borborema",250211,"Cariri Oriental","Barra de Santana",0.536
25,"Paraíba",250157,2010,2502,"Borborema",250211,"Cariri Oriental","Barra de Santana",0.747
25,"Paraíba",250160,2000,2503,"Agreste Paraibano",250312,"Curimataú Ocidental","Barra de Santa Rosa",0.64
25,"Paraíba",250160,2010,2503,"Agreste Paraibano",250312,"Curimataú Ocidental","Barra de Santa Rosa",0.753
25,"Paraíba",250160,1991,2503,"Agreste Paraibano",250312,"Curimataú Ocidental","Barra de Santa Rosa",0.5
25,"Paraíba",250170,2010,2502,"Borborema",250211,"Cariri Oriental","Barra de São Miguel",0.728
25,"Paraíba",250170,2000,2502,"Borborema",250211,"Cariri Oriental","Barra de São Miguel",0.591
25,"Paraíba",250170,1991,2502,"Borborema",250211,"Cariri Oriental","Barra de São Miguel",0.481
25,"Paraíba",250180,2010,2504,"Mata Paraibana",250422,"João Pessoa","Bayeux",0.779
25,"Paraíba",250180,1991,2504,"Mata Paraibana",250422,"João Pessoa","Bayeux",0.647
25,"Paraíba",250180,2000,2504,"Mata Paraibana",250422,"João Pessoa","Bayeux",0.699
25,"Paraíba",250190,1991,2503,"Agreste Paraibano",250316,"Guarabira","Belém",0.611
25,"Paraíba",250190,2000,2503,"Agreste Paraibano",250316,"Guarabira","Belém",0.636
25,"Paraíba",250190,2010,2503,"Agreste Paraibano",250316,"Guarabira","Belém",0.759
25,"Paraíba",250200,2000,2501,"Sertão Paraibano",250101,"Catolé do Rocha","Belém do Brejo do Cruz",0.661
25,"Paraíba",250200,2010,2501,"Sertão Paraibano",250101,"Catolé do Rocha","Belém do Brejo do Cruz",0.779
25,"Paraíba",250200,1991,2501,"Sertão Paraibano",250101,"Catolé do Rocha","Belém do Brejo do Cruz",0.536
25,"Paraíba",250205,2000,2501,"Sertão Paraibano",250102,"Cajazeiras","Bernardino Batista",0.587
25,"Paraíba",250205,2010,2501,"Sertão Paraibano",250102,"Cajazeiras","Bernardino Batista",0.716
25,"Paraíba",250205,1991,2501,"Sertão Paraibano",250102,"Cajazeiras","Bernardino Batista",0.552
25,"Paraíba",250210,2010,2501,"Sertão Paraibano",250106,"Itaporanga","Boa Ventura",0.79
25,"Paraíba",250210,1991,2501,"Sertão Paraibano",250106,"Itaporanga","Boa Ventura",0.57
25,"Paraíba",250210,2000,2501,"Sertão Paraibano",250106,"Itaporanga","Boa Ventura",0.667
25,"Paraíba",250215,2010,2503,"Agreste Paraibano",250317,"Campina Grande","Boa Vista",0.796
25,"Paraíba",250215,1991,2503,"Agreste Paraibano",250317,"Campina Grande","Boa Vista",0.647
25,"Paraíba",250215,2000,2503,"Agreste Paraibano",250317,"Campina Grande","Boa Vista",0.719
25,"Paraíba",250220,2000,2501,"Sertão Paraibano",250102,"Cajazeiras","Bom Jesus",0.661
25,"Paraíba",250220,2010,2501,"Sertão Paraibano",250102,"Cajazeiras","Bom Jesus",0.762
25,"Paraíba",250220,1991,2501,"Sertão Paraibano",250102,"Cajazeiras","Bom Jesus",0.52
25,"Paraíba",250230,2000,2501,"Sertão Paraibano",250101,"Catolé do Rocha","Bom Sucesso",0.692
25,"Paraíba",250230,2010,2501,"Sertão Paraibano",250101,"Catolé do Rocha","Bom Sucesso",0.752
25,"Paraíba",250230,1991,2501,"Sertão Paraibano",250101,"Catolé do Rocha","Bom Sucesso",0.616
25,"Paraíba",250240,2010,2501,"Sertão Paraibano",250102,"Cajazeiras","Bonito de Santa Fé",0.786
25,"Paraíba",250240,1991,2501,"Sertão Paraibano",250102,"Cajazeiras","Bonito de Santa Fé",0.527
25,"Paraíba",250240,2000,2501,"Sertão Paraibano",250102,"Cajazeiras","Bonito de Santa Fé",0.657
25,"Paraíba",250250,2010,2502,"Borborema",250211,"Cariri Oriental","Boqueirão",0.763
25,"Paraíba",250250,1991,2502,"Borborema",250211,"Cariri Oriental","Boqueirão",0.536
25,"Paraíba",250250,2000,2502,"Borborema",250211,"Cariri Oriental","Boqueirão",0.642
25,"Paraíba",250260,1991,2501,"Sertão Paraibano",250105,"Piancó","Igaracy",0.566
25,"Paraíba",250260,2000,2501,"Sertão Paraibano",250105,"Piancó","Igaracy",0.657
25,"Paraíba",250260,2010,2501,"Sertão Paraibano",250105,"Piancó","Igaracy",0.794
25,"Paraíba",250270,2000,2503,"Agreste Paraibano",250315,"Brejo Paraibano","Borborema",0.643
25,"Paraíba",250270,2010,2503,"Agreste Paraibano",250315,"Brejo Paraibano","Borborema",0.75
25,"Paraíba",250270,1991,2503,"Agreste Paraibano",250315,"Brejo Paraibano","Borborema",0.512
25,"Paraíba",250280,2010,2501,"Sertão Paraibano",250101,"Catolé do Rocha","Brejo do Cruz",0.798
25,"Paraíba",250280,2000,2501,"Sertão Paraibano",250101,"Catolé do Rocha","Brejo do Cruz",0.703
25,"Paraíba",250280,1991,2501,"Sertão Paraibano",250101,"Catolé do Rocha","Brejo do Cruz",0.615
25,"Paraíba",250290,2010,2501,"Sertão Paraibano",250101,"Catolé do Rocha","Brejo dos Santos",0.776
25,"Paraíba",250290,1991,2501,"Sertão Paraibano",250101,"Catolé do Rocha","Brejo dos Santos",0.5
25,"Paraíba",250290,2000,2501,"Sertão Paraibano",250101,"Catolé do Rocha","Brejo dos Santos",0.639
25,"Paraíba",250300,1991,2504,"Mata Paraibana",250423,"Litoral Sul","Caaporã",0.504
25,"Paraíba",250300,2000,2504,"Mata Paraibana",250423,"Litoral Sul","Caaporã",0.625
25,"Paraíba",250300,2010,2504,"Mata Paraibana",250423,"Litoral Sul","Caaporã",0.757
25,"Paraíba",250310,1991,2502,"Borborema",250211,"Cariri Oriental","Cabaceiras",0.572
25,"Paraíba",250310,2000,2502,"Borborema",250211,"Cariri Oriental","Cabaceiras",0.684
25,"Paraíba",250310,2010,2502,"Borborema",250211,"Cariri Oriental","Cabaceiras",0.759
25,"Paraíba",250320,2010,2504,"Mata Paraibana",250422,"João Pessoa","Cabedelo",0.822
25,"Paraíba",250320,2000,2504,"Mata Paraibana",250422,"João Pessoa","Cabedelo",0.706
25,"Paraíba",250320,1991,2504,"Mata Paraibana",250422,"João Pessoa","Cabedelo",0.654
25,"Paraíba",250330,2010,2501,"Sertão Paraibano",250102,"Cajazeiras","Cachoeira dos Índios",0.766
25,"Paraíba",250330,1991,2501,"Sertão Paraibano",250102,"Cajazeiras","Cachoeira dos Índios",0.527
25,"Paraíba",250330,2000,2501,"Sertão Paraibano",250102,"Cajazeiras","Cachoeira dos Índios",0.66
25,"Paraíba",250340,1991,2501,"Sertão Paraibano",250104,"Patos","Cacimba de Areia",0.508
25,"Paraíba",250340,2010,2501,"Sertão Paraibano",250104,"Patos","Cacimba de Areia",0.771
25,"Paraíba",250340,2000,2501,"Sertão Paraibano",250104,"Patos","Cacimba de Areia",0.639
25,"Paraíba",250350,2010,2503,"Agreste Paraibano",250313,"Curimataú Oriental","Cacimba de Dentro",0.777
25,"Paraíba",250350,1991,2503,"Agreste Paraibano",250313,"Curimataú Oriental","Cacimba de Dentro",0.54
25,"Paraíba",250350,2000,2503,"Agreste Paraibano",250313,"Curimataú Oriental","Cacimba de Dentro",0.656
25,"Paraíba",250355,2010,2501,"Sertão Paraibano",250107,"Serra do Teixeira","Cacimbas",0.672
25,"Paraíba",250355,1991,2501,"Sertão Paraibano",250107,"Serra do Teixeira","Cacimbas",0.448
25,"Paraíba",250355,2000,2501,"Sertão Paraibano",250107,"Serra do Teixeira","Cacimbas",0.555
25,"Paraíba",250360,2000,2503,"Agreste Paraibano",250316,"Guarabira","Caiçara",0.608
25,"Paraíba",250360,2010,2503,"Agreste Paraibano",250316,"Guarabira","Caiçara",0.733
25,"Paraíba",250360,1991,2503,"Agreste Paraibano",250316,"Guarabira","Caiçara",0.492
25,"Paraíba",250370,2000,2501,"Sertão Paraibano",250102,"Cajazeiras","Cajazeiras",0.717
25,"Paraíba",250370,2010,2501,"Sertão Paraibano",250102,"Cajazeiras","Cajazeiras",0.815
25,"Paraíba",250370,1991,2501,"Sertão Paraibano",250102,"Cajazeiras","Cajazeiras",0.672
25,"Paraíba",250375,2010,2501,"Sertão Paraibano",250103,"Sousa","Cajazeirinhas",0.773
25,"Paraíba",250375,2000,2501,"Sertão Paraibano",250103,"Sousa","Cajazeirinhas",0.656
25,"Paraíba",250375,1991,2501,"Sertão Paraibano",250103,"Sousa","Cajazeirinhas",0.536
25,"Paraíba",250380,2010,2503,"Agreste Paraibano",250318,"Itabaiana","Caldas Brandão",0.723
25,"Paraíba",250380,2000,2503,"Agreste Paraibano",250318,"Itabaiana","Caldas Brandão",0.593
25,"Paraíba",250380,1991,2503,"Agreste Paraibano",250318,"Itabaiana","Caldas Brandão",0.474
25,"Paraíba",250390,1991,2502,"Borborema",250210,"Cariri Ocidental","Camalaú",0.568
25,"Paraíba",250390,2010,2502,"Borborema",250210,"Cariri Ocidental","Camalaú",0.77
25,"Paraíba",250390,2000,2502,"Borborema",250210,"Cariri Ocidental","Camalaú",0.637
25,"Paraíba",250400,2000,2503,"Agreste Paraibano",250317,"Campina Grande","Campina Grande",0.717
25,"Paraíba",250400,1991,2503,"Agreste Paraibano",250317,"Campina Grande","Campina Grande",0.586
25,"Paraíba",250400,2010,2503,"Agreste Paraibano",250317,"Campina Grande","Campina Grande",0.812
25,"Paraíba",250403,2010,2504,"Mata Paraibana",250420,"Litoral Norte","Capim",0.728
25,"Paraíba",250403,2000,2504,"Mata Paraibana",250420,"Litoral Norte","Capim",0.6
25,"Paraíba",250403,1991,2504,"Mata Paraibana",250420,"Litoral Norte","Capim",0.461
25,"Paraíba",250407,2010,2502,"Borborema",250211,"Cariri Oriental","Caraúbas",0.71
25,"Paraíba",250407,2000,2502,"Borborema",250211,"Cariri Oriental","Caraúbas",0.627
25,"Paraíba",250407,1991,2502,"Borborema",250211,"Cariri Oriental","Caraúbas",0.536
25,"Paraíba",250410,1991,2501,"Sertão Paraibano",250102,"Cajazeiras","Carrapateira",0.613
25,"Paraíba",250410,2010,2501,"Sertão Paraibano",250102,"Cajazeiras","Carrapateira",0.765
25,"Paraíba",250410,2000,2501,"Sertão Paraibano",250102,"Cajazeiras","Carrapateira",0.637
25,"Paraíba",250415,1991,2503,"Agreste Paraibano",250313,"Curimataú Oriental","Casserengue",0.496
25,"Paraíba",250415,2010,2503,"Agreste Paraibano",250313,"Curimataú Oriental","Casserengue",0.73
25,"Paraíba",250415,2000,2503,"Agreste Paraibano",250313,"Curimataú Oriental","Casserengue",0.606
25,"Paraíba",250420,2010,2501,"Sertão Paraibano",250105,"Piancó","Catingueira",0.753
25,"Paraíba",250420,2000,2501,"Sertão Paraibano",250105,"Piancó","Catingueira",0.619
25,"Paraíba",250420,1991,2501,"Sertão Paraibano",250105,"Piancó","Catingueira",0.53
25,"Paraíba",250430,2010,2501,"Sertão Paraibano",250101,"Catolé do Rocha","Catolé do Rocha",0.787
25,"Paraíba",250430,2000,2501,"Sertão Paraibano",250101,"Catolé do Rocha","Catolé do Rocha",0.699
25,"Paraíba",250430,1991,2501,"Sertão Paraibano",250101,"Catolé do Rocha","Catolé do Rocha",0.616
25,"Paraíba",250435,1991,2502,"Borborema",250211,"Cariri Oriental","Caturité",0.517
25,"Paraíba",250435,2000,2502,"Borborema",250211,"Cariri Oriental","Caturité",0.657
25,"Paraíba",250435,2010,2502,"Borborema",250211,"Cariri Oriental","Caturité",0.782
25,"Paraíba",250440,2000,2501,"Sertão Paraibano",250106,"Itaporanga","Conceição",0.667
25,"Paraíba",250440,1991,2501,"Sertão Paraibano",250106,"Itaporanga","Conceição",0.57
25,"Paraíba",250440,2010,2501,"Sertão Paraibano",250106,"Itaporanga","Conceição",0.754
25,"Paraíba",250450,1991,2501,"Sertão Paraibano",250103,"Sousa","Condado",0.592
25,"Paraíba",250450,2010,2501,"Sertão Paraibano",250103,"Sousa","Condado",0.769
25,"Paraíba",250450,2000,2501,"Sertão Paraibano",250103,"Sousa","Condado",0.661
25,"Paraíba",250460,2000,2504,"Mata Paraibana",250422,"João Pessoa","Conde",0.675
25,"Paraíba",250460,2010,2504,"Mata Paraibana",250422,"João Pessoa","Conde",0.797
25,"Paraíba",250460,1991,2504,"Mata Paraibana",250422,"João Pessoa","Conde",0.599
25,"Paraíba",250470,2010,2502,"Borborema",250210,"Cariri Ocidental","Congo",0.731
25,"Paraíba",250470,1991,2502,"Borborema",250210,"Cariri Ocidental","Congo",0.645
25,"Paraíba",250470,2000,2502,"Borborema",250210,"Cariri Ocidental","Congo",0.692
25,"Paraíba",250480,2000,2501,"Sertão Paraibano",250105,"Piancó","Coremas",0.658
25,"Paraíba",250480,2010,2501,"Sertão Paraibano",250105,"Piancó","Coremas",0.794
25,"Paraíba",250480,1991,2501,"Sertão Paraibano",250105,"Piancó","Coremas",0.531
25,"Paraíba",250485,2010,2502,"Borborema",250210,"Cariri Ocidental","Coxixola",0.794
25,"Paraíba",250485,2000,2502,"Borborema",250210,"Cariri Ocidental","Coxixola",0.681
25,"Paraíba",250485,1991,2502,"Borborema",250210,"Cariri Ocidental","Coxixola",0.568
25,"Paraíba",250490,2010,2504,"Mata Paraibana",250421,"Sapé","Cruz do Espírito Santo",0.778
25,"Paraíba",250490,1991,2504,"Mata Paraibana",250421,"Sapé","Cruz do Espírito Santo",0.52
25,"Paraíba",250490,2000,2504,"Mata Paraibana",250421,"Sapé","Cruz do Espírito Santo",0.662
25,"Paraíba",250500,1991,2502,"Borborema",250209,"Seridó Oriental Paraibano","Cubati",0.508
25,"Paraíba",250500,2000,2502,"Borborema",250209,"Seridó Oriental Paraibano","Cubati",0.631
25,"Paraíba",250500,2010,2502,"Borborema",250209,"Seridó Oriental Paraibano","Cubati",0.742
25,"Paraíba",250510,2000,2503,"Agreste Paraibano",250312,"Curimataú Ocidental","Cuité",0.632
25,"Paraíba",250510,2010,2503,"Agreste Paraibano",250312,"Curimataú Ocidental","Cuité",0.766
25,"Paraíba",250510,1991,2503,"Agreste Paraibano",250312,"Curimataú Ocidental","Cuité",0.498
25,"Paraíba",250520,2000,2503,"Agreste Paraibano",250316,"Guarabira","Cuitegi",0.631
25,"Paraíba",250520,2010,2503,"Agreste Paraibano",250316,"Guarabira","Cuitegi",0.732
25,"Paraíba",250520,1991,2503,"Agreste Paraibano",250316,"Guarabira","Cuitegi",0.507
25,"Paraíba",250523,2010,2504,"Mata Paraibana",250420,"Litoral Norte","Cuité de Mamanguape",0.683
25,"Paraíba",250523,2000,2504,"Mata Paraibana",250420,"Litoral Norte","Cuité de Mamanguape",0.555
25,"Paraíba",250523,1991,2504,"Mata Paraibana",250420,"Litoral Norte","Cuité de Mamanguape",0.47
25,"Paraíba",250527,2010,2504,"Mata Paraibana",250420,"Litoral Norte","Curral de Cima",0.715
25,"Paraíba",250527,1991,2504,"Mata Paraibana",250420,"Litoral Norte","Curral de Cima",0.477
25,"Paraíba",250527,2000,2504,"Mata Paraibana",250420,"Litoral Norte","Curral de Cima",0.594
25,"Paraíba",250530,2010,2501,"Sertão Paraibano",250106,"Itaporanga","Curral Velho",0.739
25,"Paraíba",250530,2000,2501,"Sertão Paraibano",250106,"Itaporanga","Curral Velho",0.636
25,"Paraíba",250530,1991,2501,"Sertão Paraibano",250106,"Itaporanga","Curral Velho",0.57
25,"Paraíba",250535,1991,2503,"Agreste Paraibano",250312,"Curimataú Ocidental","Damião",0.485
25,"Paraíba",250535,2010,2503,"Agreste Paraibano",250312,"Curimataú Ocidental","Damião",0.72
25,"Paraíba",250535,2000,2503,"Agreste Paraibano",250312,"Curimataú Ocidental","Damião",0.594
25,"Paraíba",250540,2010,2501,"Sertão Paraibano",250107,"Serra do Teixeira","Desterro",0.724
25,"Paraíba",250540,2000,2501,"Sertão Paraibano",250107,"Serra do Teixeira","Desterro",0.602
25,"Paraíba",250540,1991,2501,"Sertão Paraibano",250107,"Serra do Teixeira","Desterro",0.477
25,"Paraíba",250550,2000,2501,"Sertão Paraibano",250103,"Sousa","Vista Serrana",0.643
25,"Paraíba",250550,2010,2501,"Sertão Paraibano",250103,"Sousa","Vista Serrana",0.773
25,"Paraíba",250550,1991,2501,"Sertão Paraibano",250103,"Sousa","Vista Serrana",0.603
25,"Paraíba",250560,2010,2501,"Sertão Paraibano",250106,"Itaporanga","Diamante",0.748
25,"Paraíba",250560,2000,2501,"Sertão Paraibano",250106,"Itaporanga","Diamante",0.636
25,"Paraíba",250560,1991,2501,"Sertão Paraibano",250106,"Itaporanga","Diamante",0.57
25,"Paraíba",250570,2010,2503,"Agreste Paraibano",250313,"Curimataú Oriental","Dona Inês",0.69
25,"Paraíba",250570,1991,2503,"Agreste Paraibano",250313,"Curimataú Oriental","Dona Inês",0.558
25,"Paraíba",250570,2000,2503,"Agreste Paraibano",250313,"Curimataú Oriental","Dona Inês",0.586
25,"Paraíba",250580,2010,2503,"Agreste Paraibano",250316,"Guarabira","Duas Estradas",0.795
25,"Paraíba",250580,2000,2503,"Agreste Paraibano",250316,"Guarabira","Duas Estradas",0.662
25,"Paraíba",250580,1991,2503,"Agreste Paraibano",250316,"Guarabira","Duas Estradas",0.536
25,"Paraíba",250590,2010,2501,"Sertão Paraibano",250105,"Piancó","Emas",0.773
25,"Paraíba",250590,1991,2501,"Sertão Paraibano",250105,"Piancó","Emas",0.517
25,"Paraíba",250590,2000,2501,"Sertão Paraibano",250105,"Piancó","Emas",0.656
25,"Paraíba",250600,1991,2503,"Agreste Paraibano",250314,"Esperança","Esperança",0.635
25,"Paraíba",250600,2000,2503,"Agreste Paraibano",250314,"Esperança","Esperança",0.66
25,"Paraíba",250600,2010,2503,"Agreste Paraibano",250314,"Esperança","Esperança",0.767
25,"Paraíba",250610,1991,2503,"Agreste Paraibano",250317,"Campina Grande","Fagundes",0.522
25,"Paraíba",250610,2000,2503,"Agreste Paraibano",250317,"Campina Grande","Fagundes",0.619
25,"Paraíba",250610,2010,2503,"Agreste Paraibano",250317,"Campina Grande","Fagundes",0.749
25,"Paraíba",250620,2000,2502,"Borborema",250209,"Seridó Oriental Paraibano","Frei Martinho",0.631
25,"Paraíba",250620,1991,2502,"Borborema",250209,"Seridó Oriental Paraibano","Frei Martinho",0.537
25,"Paraíba",250620,2010,2502,"Borborema",250209,"Seridó Oriental Paraibano","Frei Martinho",0.77
25,"Paraíba",250625,2010,2503,"Agreste Paraibano",250319,"Umbuzeiro","Gado Bravo",0.737
25,"Paraíba",250625,2000,2503,"Agreste Paraibano",250319,"Umbuzeiro","Gado Bravo",0.631
25,"Paraíba",250625,1991,2503,"Agreste Paraibano",250319,"Umbuzeiro","Gado Bravo",0.5
25,"Paraíba",250630,2000,2503,"Agreste Paraibano",250316,"Guarabira","Guarabira",0.699
25,"Paraíba",250630,2010,2503,"Agreste Paraibano",250316,"Guarabira","Guarabira",0.812
25,"Paraíba",250630,1991,2503,"Agreste Paraibano",250316,"Guarabira","Guarabira",0.652
25,"Paraíba",250640,2000,2503,"Agreste Paraibano",250318,"Itabaiana","Gurinhém",0.606
25,"Paraíba",250640,2010,2503,"Agreste Paraibano",250318,"Itabaiana","Gurinhém",0.728
25,"Paraíba",250640,1991,2503,"Agreste Paraibano",250318,"Itabaiana","Gurinhém",0.507
25,"Paraíba",250650,2010,2502,"Borborema",250211,"Cariri Oriental","Gurjão",0.729
25,"Paraíba",250650,2000,2502,"Borborema",250211,"Cariri Oriental","Gurjão",0.625
25,"Paraíba",250650,1991,2502,"Borborema",250211,"Cariri Oriental","Gurjão",0.601
25,"Paraíba",250660,2010,2501,"Sertão Paraibano",250106,"Itaporanga","Ibiara",0.768
25,"Paraíba",250660,2000,2501,"Sertão Paraibano",250106,"Itaporanga","Ibiara",0.649
25,"Paraíba",250660,1991,2501,"Sertão Paraibano",250106,"Itaporanga","Ibiara",0.57
25,"Paraíba",250670,2000,2501,"Sertão Paraibano",250107,"Serra do Teixeira","Imaculada",0.58
25,"Paraíba",250670,1991,2501,"Sertão Paraibano",250107,"Serra do Teixeira","Imaculada",0.448
25,"Paraíba",250670,2010,2501,"Sertão Paraibano",250107,"Serra do Teixeira","Imaculada",0.715
25,"Paraíba",250680,2000,2503,"Agreste Paraibano",250318,"Itabaiana","Ingá",0.642
25,"Paraíba",250680,2010,2503,"Agreste Paraibano",250318,"Itabaiana","Ingá",0.768
25,"Paraíba",250680,1991,2503,"Agreste Paraibano",250318,"Itabaiana","Ingá",0.5
25,"Paraíba",250690,1991,2503,"Agreste Paraibano",250318,"Itabaiana","Itabaiana",0.52
25,"Paraíba",250690,2000,2503,"Agreste Paraibano",250318,"Itabaiana","Itabaiana",0.6
25,"Paraíba",250690,2010,2503,"Agreste Paraibano",250318,"Itabaiana","Itabaiana",0.727
25,"Paraíba",250700,1991,2501,"Sertão Paraibano",250106,"Itaporanga","Itaporanga",0.57
25,"Paraíba",250700,2010,2501,"Sertão Paraibano",250106,"Itaporanga","Itaporanga",0.742
25,"Paraíba",250700,2000,2501,"Sertão Paraibano",250106,"Itaporanga","Itaporanga",0.631
25,"Paraíba",250710,2000,2504,"Mata Paraibana",250420,"Litoral Norte","Itapororoca",0.631
25,"Paraíba",250710,1991,2504,"Mata Paraibana",250420,"Litoral Norte","Itapororoca",0.529
25,"Paraíba",250710,2010,2504,"Mata Paraibana",250420,"Litoral Norte","Itapororoca",0.757
25,"Paraíba",250720,2010,2503,"Agreste Paraibano",250318,"Itabaiana","Itatuba",0.742
25,"Paraíba",250720,2000,2503,"Agreste Paraibano",250318,"Itabaiana","Itatuba",0.64
25,"Paraíba",250720,1991,2503,"Agreste Paraibano",250318,"Itabaiana","Itatuba",0.5
25,"Paraíba",250730,2010,2504,"Mata Paraibana",250420,"Litoral Norte","Jacaraú",0.72
25,"Paraíba",250730,1991,2504,"Mata Paraibana",250420,"Litoral Norte","Jacaraú",0.47
25,"Paraíba",250730,2000,2504,"Mata Paraibana",250420,"Litoral Norte","Jacaraú",0.604
25,"Paraíba",250740,1991,2501,"Sertão Paraibano",250101,"Catolé do Rocha","Jericó",0.616
25,"Paraíba",250740,2010,2501,"Sertão Paraibano",250101,"Catolé do Rocha","Jericó",0.798
25,"Paraíba",250740,2000,2501,"Sertão Paraibano",250101,"Catolé do Rocha","Jericó",0.675
25,"Paraíba",250750,1991,2504,"Mata Paraibana",250422,"João Pessoa","João Pessoa",0.66
25,"Paraíba",250750,2010,2504,"Mata Paraibana",250422,"João Pessoa","João Pessoa",0.832
25,"Paraíba",250750,2000,2504,"Mata Paraibana",250422,"João Pessoa","João Pessoa",0.72
25,"Paraíba",250760,1991,2503,"Agreste Paraibano",250318,"Itabaiana","Juarez Távora",0.524
25,"Paraíba",250760,2000,2503,"Agreste Paraibano",250318,"Itabaiana","Juarez Távora",0.642
25,"Paraíba",250760,2010,2503,"Agreste Paraibano",250318,"Itabaiana","Juarez Távora",0.768
25,"Paraíba",250770,2010,2502,"Borborema",250209,"Seridó Oriental Paraibano","Juazeirinho",0.753
25,"Paraíba",250770,2000,2502,"Borborema",250209,"Seridó Oriental Paraibano","Juazeirinho",0.64
25,"Paraíba",250770,1991,2502,"Borborema",250209,"Seridó Oriental Paraibano","Juazeirinho",0.5
25,"Paraíba",250780,1991,2502,"Borborema",250208,"Seridó Ocidental Paraibano","Junco do Seridó",0.482
25,"Paraíba",250780,2010,2502,"Borborema",250208,"Seridó Ocidental Paraibano","Junco do Seridó",0.715
25,"Paraíba",250780,2000,2502,"Borborema",250208,"Seridó Ocidental Paraibano","Junco do Seridó",0.587
25,"Paraíba",250790,2010,2504,"Mata Paraibana",250421,"Sapé","Juripiranga",0.677
25,"Paraíba",250790,2000,2504,"Mata Paraibana",250421,"Sapé","Juripiranga",0.562
25,"Paraíba",250790,1991,2504,"Mata Paraibana",250421,"Sapé","Juripiranga",0.448
25,"Paraíba",250800,1991,2501,"Sertão Paraibano",250107,"Serra do Teixeira","Juru",0.511
25,"Paraíba",250800,2010,2501,"Sertão Paraibano",250107,"Serra do Teixeira","Juru",0.758
25,"Paraíba",250800,2000,2501,"Sertão Paraibano",250107,"Serra do Teixeira","Juru",0.619
25,"Paraíba",250810,2010,2501,"Sertão Paraibano",250101,"Catolé do Rocha","Lagoa",0.747
25,"Paraíba",250810,2000,2501,"Sertão Paraibano",250101,"Catolé do Rocha","Lagoa",0.618
25,"Paraíba",250810,1991,2501,"Sertão Paraibano",250101,"Catolé do Rocha","Lagoa",0.5
25,"Paraíba",250820,1991,2503,"Agreste Paraibano",250316,"Guarabira","Lagoa de Dentro",0.536
25,"Paraíba",250820,2010,2503,"Agreste Paraibano",250316,"Guarabira","Lagoa de Dentro",0.772
25,"Paraíba",250820,2000,2503,"Agreste Paraibano",250316,"Guarabira","Lagoa de Dentro",0.66
25,"Paraíba",250830,2000,2503,"Agreste Paraibano",250317,"Campina Grande","Lagoa Seca",0.632
25,"Paraíba",250830,1991,2503,"Agreste Paraibano",250317,"Campina Grande","Lagoa Seca",0.522
25,"Paraíba",250830,2010,2503,"Agreste Paraibano",250317,"Campina Grande","Lagoa Seca",0.769
25,"Paraíba",250840,2000,2501,"Sertão Paraibano",250103,"Sousa","Lastro",0.632
25,"Paraíba",250840,2010,2501,"Sertão Paraibano",250103,"Sousa","Lastro",0.747
25,"Paraíba",250840,1991,2501,"Sertão Paraibano",250103,"Sousa","Lastro",0.552
25,"Paraíba",250850,2010,2502,"Borborema",250210,"Cariri Ocidental","Livramento",0.732
25,"Paraíba",250850,2000,2502,"Borborema",250210,"Cariri Ocidental","Livramento",0.625
25,"Paraíba",250850,1991,2502,"Borborema",250210,"Cariri Ocidental","Livramento",0.507
25,"Paraíba",250855,1991,2503,"Agreste Paraibano",250316,"Guarabira","Logradouro",0.517
25,"Paraíba",250855,2010,2503,"Agreste Paraibano",250316,"Guarabira","Logradouro",0.776
25,"Paraíba",250855,2000,2503,"Agreste Paraibano",250316,"Guarabira","Logradouro",0.642
25,"Paraíba",250860,2000,2504,"Mata Paraibana",250422,"João Pessoa","Lucena",0.642
25,"Paraíba",250860,1991,2504,"Mata Paraibana",250422,"João Pessoa","Lucena",0.599
25,"Paraíba",250860,2010,2504,"Mata Paraibana",250422,"João Pessoa","Lucena",0.734
25,"Paraíba",250870,2000,2501,"Sertão Paraibano",250104,"Patos","Mãe d'Água",0.599
25,"Paraíba",250870,1991,2501,"Sertão Paraibano",250104,"Patos","Mãe d'Água",0.457
25,"Paraíba",250870,2010,2501,"Sertão Paraibano",250104,"Patos","Mãe d'Água",0.712
25,"Paraíba",250880,2000,2501,"Sertão Paraibano",250103,"Sousa","Malta",0.686
25,"Paraíba",250880,1991,2501,"Sertão Paraibano",250103,"Sousa","Malta",0.581
25,"Paraíba",250880,2010,2501,"Sertão Paraibano",250103,"Sousa","Malta",0.8
25,"Paraíba",250890,2000,2504,"Mata Paraibana",250420,"Litoral Norte","Mamanguape",0.625
25,"Paraíba",250890,2010,2504,"Mata Paraibana",250420,"Litoral Norte","Mamanguape",0.756
25,"Paraíba",250890,1991,2504,"Mata Paraibana",250420,"Litoral Norte","Mamanguape",0.486
25,"Paraíba",250900,2000,2501,"Sertão Paraibano",250107,"Serra do Teixeira","Manaíra",0.562
25,"Paraíba",250900,2010,2501,"Sertão Paraibano",250107,"Serra do Teixeira","Manaíra",0.698
25,"Paraíba",250900,1991,2501,"Sertão Paraibano",250107,"Serra do Teixeira","Manaíra",0.526
25,"Paraíba",250905,2000,2504,"Mata Paraibana",250420,"Litoral Norte","Marcação",0.561
25,"Paraíba",250905,1991,2504,"Mata Paraibana",250420,"Litoral Norte","Marcação",0.438
25,"Paraíba",250905,2010,2504,"Mata Paraibana",250420,"Litoral Norte","Marcação",0.691
25,"Paraíba",250910,2000,2504,"Mata Paraibana",250421,"Sapé","Mari",0.555
25,"Paraíba",250910,1991,2504,"Mata Paraibana",250421,"Sapé","Mari",0.448
25,"Paraíba",250910,2010,2504,"Mata Paraibana",250421,"Sapé","Mari",0.692
25,"Paraíba",250915,2000,2501,"Sertão Paraibano",250103,"Sousa","Marizópolis",0.642
25,"Paraíba",250915,2010,2501,"Sertão Paraibano",250103,"Sousa","Marizópolis",0.753
25,"Paraíba",250915,1991,2501,"Sertão Paraibano",250103,"Sousa","Marizópolis",0.54
25,"Paraíba",250920,2000,2503,"Agreste Paraibano",250317,"Campina Grande","Massaranduba",0.632
25,"Paraíba",250920,2010,2503,"Agreste Paraibano",250317,"Campina Grande","Massaranduba",0.747
25,"Paraíba",250920,1991,2503,"Agreste Paraibano",250317,"Campina Grande","Massaranduba",0.562
25,"Paraíba",250930,2000,2504,"Mata Paraibana",250420,"Litoral Norte","Mataraca",0.555
25,"Paraíba",250930,1991,2504,"Mata Paraibana",250420,"Litoral Norte","Mataraca",0.486
25,"Paraíba",250930,2010,2504,"Mata Paraibana",250420,"Litoral Norte","Mataraca",0.675
25,"Paraíba",250933,2000,2503,"Agreste Paraibano",250315,"Brejo Paraibano","Matinhas",0.606
25,"Paraíba",250933,2010,2503,"Agreste Paraibano",250315,"Brejo Paraibano","Matinhas",0.747
25,"Paraíba",250933,1991,2503,"Agreste Paraibano",250315,"Brejo Paraibano","Matinhas",0.496
25,"Paraíba",250937,2000,2501,"Sertão Paraibano",250101,"Catolé do Rocha","Mato Grosso",0.637
25,"Paraíba",250937,1991,2501,"Sertão Paraibano",250101,"Catolé do Rocha","Mato Grosso",0.5
25,"Paraíba",250937,2010,2501,"Sertão Paraibano",250101,"Catolé do Rocha","Mato Grosso",0.76
25,"Paraíba",250939,2000,2501,"Sertão Paraibano",250107,"Serra do Teixeira","Maturéia",0.606
25,"Paraíba",250939,2010,2501,"Sertão Paraibano",250107,"Serra do Teixeira","Maturéia",0.73
25,"Paraíba",250939,1991,2501,"Sertão Paraibano",250107,"Serra do Teixeira","Maturéia",0.474
25,"Paraíba",250940,2000,2503,"Agreste Paraibano",250318,"Itabaiana","Mogeiro",0.602
25,"Paraíba",250940,1991,2503,"Agreste Paraibano",250318,"Itabaiana","Mogeiro",0.491
25,"Paraíba",250940,2010,2503,"Agreste Paraibano",250318,"Itabaiana","Mogeiro",0.732
25,"Paraíba",250950,2000,2503,"Agreste Paraibano",250314,"Esperança","Montadas",0.632
25,"Paraíba",250950,2010,2503,"Agreste Paraibano",250314,"Esperança","Montadas",0.748
25,"Paraíba",250950,1991,2503,"Agreste Paraibano",250314,"Esperança","Montadas",0.504
25,"Paraíba",250960,1991,2501,"Sertão Paraibano",250102,"Cajazeiras","Monte Horebe",0.613
25,"Paraíba",250960,2010,2501,"Sertão Paraibano",250102,"Cajazeiras","Monte Horebe",0.755
25,"Paraíba",250960,2000,2501,"Sertão Paraibano",250102,"Cajazeiras","Monte Horebe",0.661
25,"Paraíba",250970,2010,2502,"Borborema",250210,"Cariri Ocidental","Monteiro",0.709
25,"Paraíba",250970,2000,2502,"Borborema",250210,"Cariri Ocidental","Monteiro",0.591
25,"Paraíba",250970,1991,2502,"Borborema",250210,"Cariri Ocidental","Monteiro",0.538
25,"Paraíba",250980,2000,2503,"Agreste Paraibano",250316,"Guarabira","Mulungu",0.656
25,"Paraíba",250980,2010,2503,"Agreste Paraibano",250316,"Guarabira","Mulungu",0.778
25,"Paraíba",250980,1991,2503,"Agreste Paraibano",250316,"Guarabira","Mulungu",0.55
25,"Paraíba",250990,2010,2503,"Agreste Paraibano",250319,"Umbuzeiro","Natuba",0.71
25,"Paraíba",250990,2000,2503,"Agreste Paraibano",250319,"Umbuzeiro","Natuba",0.586
25,"Paraíba",250990,1991,2503,"Agreste Paraibano",250319,"Umbuzeiro","Natuba",0.452
25,"Paraíba",251000,2010,2501,"Sertão Paraibano",250103,"Sousa","Nazarezinho",0.747
25,"Paraíba",251000,1991,2501,"Sertão Paraibano",250103,"Sousa","Nazarezinho",0.53
25,"Paraíba",251000,2000,2501,"Sertão Paraibano",250103,"Sousa","Nazarezinho",0.623
25,"Paraíba",251010,2010,2503,"Agreste Paraibano",250312,"Curimataú Ocidental","Nova Floresta",0.758
25,"Paraíba",251010,2000,2503,"Agreste Paraibano",250312,"Curimataú Ocidental","Nova Floresta",0.631
25,"Paraíba",251010,1991,2503,"Agreste Paraibano",250312,"Curimataú Ocidental","Nova Floresta",0.503
25,"Paraíba",251020,2000,2501,"Sertão Paraibano",250105,"Piancó","Nova Olinda",0.637
25,"Paraíba",251020,2010,2501,"Sertão Paraibano",250105,"Piancó","Nova Olinda",0.744
25,"Paraíba",251020,1991,2501,"Sertão Paraibano",250105,"Piancó","Nova Olinda",0.523
25,"Paraíba",251030,2010,2502,"Borborema",250209,"Seridó Oriental Paraibano","Nova Palmeira",0.762
25,"Paraíba",251030,1991,2502,"Borborema",250209,"Seridó Oriental Paraibano","Nova Palmeira",0.537
25,"Paraíba",251030,2000,2502,"Borborema",250209,"Seridó Oriental Paraibano","Nova Palmeira",0.639
25,"Paraíba",251040,2010,2501,"Sertão Paraibano",250105,"Piancó","Olho d'Água",0.776
25,"Paraíba",251040,1991,2501,"Sertão Paraibano",250105,"Piancó","Olho d'Água",0.551
25,"Paraíba",251040,2000,2501,"Sertão Paraibano",250105,"Piancó","Olho d'Água",0.642
25,"Paraíba",251050,2010,2503,"Agreste Paraibano",250312,"Curimataú Ocidental","Olivedos",0.766
25,"Paraíba",251050,1991,2503,"Agreste Paraibano",250312,"Curimataú Ocidental","Olivedos",0.492
25,"Paraíba",251050,2000,2503,"Agreste Paraibano",250312,"Curimataú Ocidental","Olivedos",0.636
25,"Paraíba",251060,2000,2502,"Borborema",250210,"Cariri Ocidental","Ouro Velho",0.642
25,"Paraíba",251060,2010,2502,"Borborema",250210,"Cariri Ocidental","Ouro Velho",0.764
25,"Paraíba",251060,1991,2502,"Borborema",250210,"Cariri Ocidental","Ouro Velho",0.519
25,"Paraíba",251065,2010,2502,"Borborema",250210,"Cariri Ocidental","Parari",0.733
25,"Paraíba",251065,1991,2502,"Borborema",250210,"Cariri Ocidental","Parari",0.519
25,"Paraíba",251065,2000,2502,"Borborema",250210,"Cariri Ocidental","Parari",0.619
25,"Paraíba",251070,2010,2501,"Sertão Paraibano",250104,"Patos","Passagem",0.79
25,"Paraíba",251070,1991,2501,"Sertão Paraibano",250104,"Patos","Passagem",0.596
25,"Paraíba",251070,2000,2501,"Sertão Paraibano",250104,"Patos","Passagem",0.681
25,"Paraíba",251080,2010,2501,"Sertão Paraibano",250104,"Patos","Patos",0.821
25,"Paraíba",251080,1991,2501,"Sertão Paraibano",250104,"Patos","Patos",0.586
25,"Paraíba",251080,2000,2501,"Sertão Paraibano",250104,"Patos","Patos",0.719
25,"Paraíba",251090,1991,2501,"Sertão Paraibano",250103,"Sousa","Paulista",0.613
25,"Paraíba",251090,2000,2501,"Sertão Paraibano",250103,"Sousa","Paulista",0.643
25,"Paraíba",251090,2010,2501,"Sertão Paraibano",250103,"Sousa","Paulista",0.747
25,"Paraíba",251100,2010,2501,"Sertão Paraibano",250106,"Itaporanga","Pedra Branca",0.761
25,"Paraíba",251100,2000,2501,"Sertão Paraibano",250106,"Itaporanga","Pedra Branca",0.636
25,"Paraíba",251100,1991,2501,"Sertão Paraibano",250106,"Itaporanga","Pedra Branca",0.57
25,"Paraíba",251110,2010,2502,"Borborema",250209,"Seridó Oriental Paraibano","Pedra Lavrada",0.733
25,"Paraíba",251110,1991,2502,"Borborema",250209,"Seridó Oriental Paraibano","Pedra Lavrada",0.462
25,"Paraíba",251110,2000,2502,"Borborema",250209,"Seridó Oriental Paraibano","Pedra Lavrada",0.604
25,"Paraíba",251120,2010,2504,"Mata Paraibana",250423,"Litoral Sul","Pedras de Fogo",0.771
25,"Paraíba",251120,1991,2504,"Mata Paraibana",250423,"Litoral Sul","Pedras de Fogo",0.558
25,"Paraíba",251120,2000,2504,"Mata Paraibana",250423,"Litoral Sul","Pedras de Fogo",0.642
25,"Paraíba",251130,1991,2501,"Sertão Paraibano",250105,"Piancó","Piancó",0.556
25,"Paraíba",251130,2000,2501,"Sertão Paraibano",250105,"Piancó","Piancó",0.673
25,"Paraíba",251130,2010,2501,"Sertão Paraibano",250105,"Piancó","Piancó",0.736
25,"Paraíba",251140,2000,2502,"Borborema",250209,"Seridó Oriental Paraibano","Picuí",0.631
25,"Paraíba",251140,1991,2502,"Borborema",250209,"Seridó Oriental Paraibano","Picuí",0.537
25,"Paraíba",251140,2010,2502,"Borborema",250209,"Seridó Oriental Paraibano","Picuí",0.745
25,"Paraíba",251150,1991,2504,"Mata Paraibana",250421,"Sapé","Pilar",0.5
25,"Paraíba",251150,2010,2504,"Mata Paraibana",250421,"Sapé","Pilar",0.775
25,"Paraíba",251150,2000,2504,"Mata Paraibana",250421,"Sapé","Pilar",0.642
25,"Paraíba",251160,1991,2503,"Agreste Paraibano",250315,"Brejo Paraibano","Pilões",0.582
25,"Paraíba",251160,2000,2503,"Agreste Paraibano",250315,"Brejo Paraibano","Pilões",0.642
25,"Paraíba",251160,2010,2503,"Agreste Paraibano",250315,"Brejo Paraibano","Pilões",0.767
25,"Paraíba",251170,2000,2503,"Agreste Paraibano",250316,"Guarabira","Pilõezinhos",0.705
25,"Paraíba",251170,2010,2503,"Agreste Paraibano",250316,"Guarabira","Pilõezinhos",0.802
25,"Paraíba",251170,1991,2503,"Agreste Paraibano",250316,"Guarabira","Pilõezinhos",0.586
25,"Paraíba",251180,2000,2503,"Agreste Paraibano",250316,"Guarabira","Pirpirituba",0.631
25,"Paraíba",251180,2010,2503,"Agreste Paraibano",250316,"Guarabira","Pirpirituba",0.745
25,"Paraíba",251180,1991,2503,"Agreste Paraibano",250316,"Guarabira","Pirpirituba",0.537
25,"Paraíba",251190,2010,2504,"Mata Paraibana",250423,"Litoral Sul","Pitimbu",0.753
25,"Paraíba",251190,2000,2504,"Mata Paraibana",250423,"Litoral Sul","Pitimbu",0.642
25,"Paraíba",251190,1991,2504,"Mata Paraibana",250423,"Litoral Sul","Pitimbu",0.531
25,"Paraíba",251200,1991,2503,"Agreste Paraibano",250312,"Curimataú Ocidental","Pocinhos",0.556
25,"Paraíba",251200,2000,2503,"Agreste Paraibano",250312,"Curimataú Ocidental","Pocinhos",0.656
25,"Paraíba",251200,2010,2503,"Agreste Paraibano",250312,"Curimataú Ocidental","Pocinhos",0.779
25,"Paraíba",251203,2010,2501,"Sertão Paraibano",250102,"Cajazeiras","Poço Dantas",0.702
25,"Paraíba",251203,2000,2501,"Sertão Paraibano",250102,"Cajazeiras","Poço Dantas",0.561
25,"Paraíba",251203,1991,2501,"Sertão Paraibano",250102,"Cajazeiras","Poço Dantas",0.527
25,"Paraíba",251207,2010,2501,"Sertão Paraibano",250102,"Cajazeiras","Poço de José de Moura",0.797
25,"Paraíba",251207,1991,2501,"Sertão Paraibano",250102,"Cajazeiras","Poço de José de Moura",0.527
25,"Paraíba",251207,2000,2501,"Sertão Paraibano",250102,"Cajazeiras","Poço de José de Moura",0.662
25,"Paraíba",251210,2010,2501,"Sertão Paraibano",250103,"Sousa","Pombal",0.787
25,"Paraíba",251210,1991,2501,"Sertão Paraibano",250103,"Sousa","Pombal",0.581
25,"Paraíba",251210,2000,2501,"Sertão Paraibano",250103,"Sousa","Pombal",0.687
25,"Paraíba",251220,2010,2502,"Borborema",250210,"Cariri Ocidental","Prata",0.772
25,"Paraíba",251220,2000,2502,"Borborema",250210,"Cariri Ocidental","Prata",0.642
25,"Paraíba",251220,1991,2502,"Borborema",250210,"Cariri Ocidental","Prata",0.517
25,"Paraíba",251230,2010,2501,"Sertão Paraibano",250107,"Serra do Teixeira","Princesa Isabel",0.72
25,"Paraíba",251230,2000,2501,"Sertão Paraibano",250107,"Serra do Teixeira","Princesa Isabel",0.627
25,"Paraíba",251230,1991,2501,"Sertão Paraibano",250107,"Serra do Teixeira","Princesa Isabel",0.574
25,"Paraíba",251240,1991,2503,"Agreste Paraibano",250317,"Campina Grande","Puxinanã",0.578
25,"Paraíba",251240,2010,2503,"Agreste Paraibano",250317,"Campina Grande","Puxinanã",0.754
25,"Paraíba",251240,2000,2503,"Agreste Paraibano",250317,"Campina Grande","Puxinanã",0.655
25,"Paraíba",251250,2010,2503,"Agreste Paraibano",250317,"Campina Grande","Queimadas",0.796
25,"Paraíba",251250,2000,2503,"Agreste Paraibano",250317,"Campina Grande","Queimadas",0.658
25,"Paraíba",251250,1991,2503,"Agreste Paraibano",250317,"Campina Grande","Queimadas",0.559
25,"Paraíba",251260,2010,2501,"Sertão Paraibano",250104,"Patos","Quixabá",0.737
25,"Paraíba",251260,2000,2501,"Sertão Paraibano",250104,"Patos","Quixabá",0.604
25,"Paraíba",251260,1991,2501,"Sertão Paraibano",250104,"Patos","Quixabá",0.491
25,"Paraíba",251270,1991,2503,"Agreste Paraibano",250312,"Curimataú Ocidental","Remígio",0.549
25,"Paraíba",251270,2010,2503,"Agreste Paraibano",250312,"Curimataú Ocidental","Remígio",0.797
25,"Paraíba",251270,2000,2503,"Agreste Paraibano",250312,"Curimataú Ocidental","Remígio",0.667
25,"Paraíba",251272,2010,2504,"Mata Paraibana",250420,"Litoral Norte","Pedro Régis",0.754
25,"Paraíba",251272,2000,2504,"Mata Paraibana",250420,"Litoral Norte","Pedro Régis",0.64
25,"Paraíba",251272,1991,2504,"Mata Paraibana",250420,"Litoral Norte","Pedro Régis",0.508
25,"Paraíba",251274,2010,2503,"Agreste Paraibano",250313,"Curimataú Oriental","Riachão",0.763
25,"Paraíba",251274,2000,2503,"Agreste Paraibano",250313,"Curimataú Oriental","Riachão",0.661
25,"Paraíba",251274,1991,2503,"Agreste Paraibano",250313,"Curimataú Oriental","Riachão",0.536
25,"Paraíba",251275,2010,2503,"Agreste Paraibano",250318,"Itabaiana","Riachão do Bacamarte",0.721
25,"Paraíba",251275,2000,2503,"Agreste Paraibano",250318,"Itabaiana","Riachão do Bacamarte",0.6
25,"Paraíba",251275,1991,2503,"Agreste Paraibano",250318,"Itabaiana","Riachão do Bacamarte",0.53
25,"Paraíba",251276,2000,2504,"Mata Paraibana",250421,"Sapé","Riachão do Poço",0.631
25,"Paraíba",251276,1991,2504,"Mata Paraibana",250421,"Sapé","Riachão do Poço",0.5
25,"Paraíba",251276,2010,2504,"Mata Paraibana",250421,"Sapé","Riachão do Poço",0.748
25,"Paraíba",251278,2010,2502,"Borborema",250211,"Cariri Oriental","Riacho de Santo Antônio",0.735
25,"Paraíba",251278,1991,2502,"Borborema",250211,"Cariri Oriental","Riacho de Santo Antônio",0.481
25,"Paraíba",251278,2000,2502,"Borborema",250211,"Cariri Oriental","Riacho de Santo Antônio",0.619
25,"Paraíba",251280,2010,2501,"Sertão Paraibano",250101,"Catolé do Rocha","Riacho dos Cavalos",0.752
25,"Paraíba",251280,2000,2501,"Sertão Paraibano",250101,"Catolé do Rocha","Riacho dos Cavalos",0.637
25,"Paraíba",251280,1991,2501,"Sertão Paraibano",250101,"Catolé do Rocha","Riacho dos Cavalos",0.5
25,"Paraíba",251290,2010,2504,"Mata Paraibana",250420,"Litoral Norte","Rio Tinto",0.742
25,"Paraíba",251290,2000,2504,"Mata Paraibana",250420,"Litoral Norte","Rio Tinto",0.631
25,"Paraíba",251290,1991,2504,"Mata Paraibana",250420,"Litoral Norte","Rio Tinto",0.529
25,"Paraíba",251300,2010,2502,"Borborema",250208,"Seridó Ocidental Paraibano","Salgadinho",0.739
25,"Paraíba",251300,2000,2502,"Borborema",250208,"Seridó Ocidental Paraibano","Salgadinho",0.631
25,"Paraíba",251300,1991,2502,"Borborema",250208,"Seridó Ocidental Paraibano","Salgadinho",0.507
25,"Paraíba",251310,2010,2503,"Agreste Paraibano",250318,"Itabaiana","Salgado de São Félix",0.77
25,"Paraíba",251310,2000,2503,"Agreste Paraibano",250318,"Itabaiana","Salgado de São Félix",0.637
25,"Paraíba",251310,1991,2503,"Agreste Paraibano",250318,"Itabaiana","Salgado de São Félix",0.53
25,"Paraíba",251315,2000,2503,"Agreste Paraibano",250319,"Umbuzeiro","Santa Cecília",0.58
25,"Paraíba",251315,2010,2503,"Agreste Paraibano",250319,"Umbuzeiro","Santa Cecília",0.699
25,"Paraíba",251315,1991,2503,"Agreste Paraibano",250319,"Umbuzeiro","Santa Cecília",0.512
25,"Paraíba",251320,2000,2501,"Sertão Paraibano",250103,"Sousa","Santa Cruz",0.681
25,"Paraíba",251320,2010,2501,"Sertão Paraibano",250103,"Sousa","Santa Cruz",0.779
25,"Paraíba",251320,1991,2501,"Sertão Paraibano",250103,"Sousa","Santa Cruz",0.631
25,"Paraíba",251330,1991,2501,"Sertão Paraibano",250102,"Cajazeiras","Santa Helena",0.613
25,"Paraíba",251330,2000,2501,"Sertão Paraibano",250102,"Cajazeiras","Santa Helena",0.656
25,"Paraíba",251330,2010,2501,"Sertão Paraibano",250102,"Cajazeiras","Santa Helena",0.786
25,"Paraíba",251335,2010,2501,"Sertão Paraibano",250106,"Itaporanga","Santa Inês",0.706
25,"Paraíba",251335,1991,2501,"Sertão Paraibano",250106,"Itaporanga","Santa Inês",0.57
25,"Paraíba",251335,2000,2501,"Sertão Paraibano",250106,"Itaporanga","Santa Inês",0.596
25,"Paraíba",251340,1991,2502,"Borborema",250208,"Seridó Ocidental Paraibano","Santa Luzia",0.586
25,"Paraíba",251340,2010,2502,"Borborema",250208,"Seridó Ocidental Paraibano","Santa Luzia",0.804
25,"Paraíba",251340,2000,2502,"Borborema",250208,"Seridó Ocidental Paraibano","Santa Luzia",0.705
25,"Paraíba",251350,1991,2501,"Sertão Paraibano",250106,"Itaporanga","Santana de Mangueira",0.57
25,"Paraíba",251350,2000,2501,"Sertão Paraibano",250106,"Itaporanga","Santana de Mangueira",0.636
25,"Paraíba",251350,2010,2501,"Sertão Paraibano",250106,"Itaporanga","Santana de Mangueira",0.756
25,"Paraíba",251360,2000,2501,"Sertão Paraibano",250105,"Piancó","Santana dos Garrotes",0.686
25,"Paraíba",251360,2010,2501,"Sertão Paraibano",250105,"Piancó","Santana dos Garrotes",0.772
25,"Paraíba",251360,1991,2501,"Sertão Paraibano",250105,"Piancó","Santana dos Garrotes",0.58
25,"Paraíba",251365,2010,2501,"Sertão Paraibano",250102,"Cajazeiras","Joca Claudino",0.765
25,"Paraíba",251365,1991,2501,"Sertão Paraibano",250102,"Cajazeiras","Joca Claudino",0.527
25,"Paraíba",251365,2000,2501,"Sertão Paraibano",250102,"Cajazeiras","Joca Claudino",0.642
25,"Paraíba",251370,2010,2504,"Mata Paraibana",250422,"João Pessoa","Santa Rita",0.774
25,"Paraíba",251370,1991,2504,"Mata Paraibana",250422,"João Pessoa","Santa Rita",0.599
25,"Paraíba",251370,2000,2504,"Mata Paraibana",250422,"João Pessoa","Santa Rita",0.703
25,"Paraíba",251380,1991,2501,"Sertão Paraibano",250104,"Patos","Santa Teresinha",0.586
25,"Paraíba",251380,2000,2501,"Sertão Paraibano",250104,"Patos","Santa Teresinha",0.719
25,"Paraíba",251380,2010,2501,"Sertão Paraibano",250104,"Patos","Santa Teresinha",0.82
25,"Paraíba",251385,1991,2502,"Borborema",250211,"Cariri Oriental","Santo André",0.536
25,"Paraíba",251385,2000,2502,"Borborema",250211,"Cariri Oriental","Santo André",0.658
25,"Paraíba",251385,2010,2502,"Borborema",250211,"Cariri Oriental","Santo André",0.797
25,"Paraíba",251390,2010,2501,"Sertão Paraibano",250101,"Catolé do Rocha","São Bento",0.769
25,"Paraíba",251390,2000,2501,"Sertão Paraibano",250101,"Catolé do Rocha","São Bento",0.709
25,"Paraíba",251390,1991,2501,"Sertão Paraibano",250101,"Catolé do Rocha","São Bento",0.631
25,"Paraíba",251392,2010,2501,"Sertão Paraibano",250103,"Sousa","São Bentinho",0.787
25,"Paraíba",251392,1991,2501,"Sertão Paraibano",250103,"Sousa","São Bentinho",0.561
25,"Paraíba",251392,2000,2501,"Sertão Paraibano",250103,"Sousa","São Bentinho",0.681
25,"Paraíba",251394,1991,2502,"Borborema",250211,"Cariri Oriental","São Domingos do Cariri",0.631
25,"Paraíba",251394,2000,2502,"Borborema",250211,"Cariri Oriental","São Domingos do Cariri",0.759
25,"Paraíba",251394,2010,2502,"Borborema",250211,"Cariri Oriental","São Domingos do Cariri",0.773
25,"Paraíba",251396,2000,2501,"Sertão Paraibano",250103,"Sousa","São Domingos",0.619
25,"Paraíba",251396,1991,2501,"Sertão Paraibano",250103,"Sousa","São Domingos",0.492
25,"Paraíba",251396,2010,2501,"Sertão Paraibano",250103,"Sousa","São Domingos",0.754
25,"Paraíba",251398,2000,2501,"Sertão Paraibano",250103,"Sousa","São Francisco",0.643
25,"Paraíba",251398,1991,2501,"Sertão Paraibano",250103,"Sousa","São Francisco",0.556
25,"Paraíba",251398,2010,2501,"Sertão Paraibano",250103,"Sousa","São Francisco",0.726
25,"Paraíba",251400,1991,2502,"Borborema",250211,"Cariri Oriental","São João do Cariri",0.572
25,"Paraíba",251400,2010,2502,"Borborema",250211,"Cariri Oriental","São João do Cariri",0.797
25,"Paraíba",251400,2000,2502,"Borborema",250211,"Cariri Oriental","São João do Cariri",0.684
25,"Paraíba",251410,1991,2502,"Borborema",250210,"Cariri Ocidental","São João do Tigre",0.508
25,"Paraíba",251410,2000,2502,"Borborema",250210,"Cariri Ocidental","São João do Tigre",0.636
25,"Paraíba",251410,2010,2502,"Borborema",250210,"Cariri Ocidental","São João do Tigre",0.758
25,"Paraíba",251420,2000,2501,"Sertão Paraibano",250103,"Sousa","São José da Lagoa Tapada",0.623
25,"Paraíba",251420,2010,2501,"Sertão Paraibano",250103,"Sousa","São José da Lagoa Tapada",0.722
25,"Paraíba",251420,1991,2501,"Sertão Paraibano",250103,"Sousa","São José da Lagoa Tapada",0.551
25,"Paraíba",251430,2000,2501,"Sertão Paraibano",250106,"Itaporanga","São José de Caiana",0.636
25,"Paraíba",251430,2010,2501,"Sertão Paraibano",250106,"Itaporanga","São José de Caiana",0.762
25,"Paraíba",251430,1991,2501,"Sertão Paraibano",250106,"Itaporanga","São José de Caiana",0.57
25,"Paraíba",251440,2010,2501,"Sertão Paraibano",250104,"Patos","São José de Espinharas",0.79
25,"Paraíba",251440,2000,2501,"Sertão Paraibano",250104,"Patos","São José de Espinharas",0.667
25,"Paraíba",251440,1991,2501,"Sertão Paraibano",250104,"Patos","São José de Espinharas",0.56
25,"Paraíba",251445,1991,2504,"Mata Paraibana",250421,"Sapé","São José dos Ramos",0.5
25,"Paraíba",251445,2000,2504,"Mata Paraibana",250421,"Sapé","São José dos Ramos",0.623
25,"Paraíba",251445,2010,2504,"Mata Paraibana",250421,"Sapé","São José dos Ramos",0.738
25,"Paraíba",251450,2000,2501,"Sertão Paraibano",250102,"Cajazeiras","São José de Piranhas",0.642
25,"Paraíba",251450,2010,2501,"Sertão Paraibano",250102,"Cajazeiras","São José de Piranhas",0.755
25,"Paraíba",251450,1991,2501,"Sertão Paraibano",250102,"Cajazeiras","São José de Piranhas",0.598
25,"Paraíba",251455,2010,2501,"Sertão Paraibano",250107,"Serra do Teixeira","São José de Princesa",0.765
25,"Paraíba",251455,2000,2501,"Sertão Paraibano",250107,"Serra do Teixeira","São José de Princesa",0.662
25,"Paraíba",251455,1991,2501,"Sertão Paraibano",250107,"Serra do Teixeira","São José de Princesa",0.52
25,"Paraíba",251460,2010,2501,"Sertão Paraibano",250104,"Patos","São José do Bonfim",0.713
25,"Paraíba",251460,1991,2501,"Sertão Paraibano",250104,"Patos","São José do Bonfim",0.457
25,"Paraíba",251460,2000,2501,"Sertão Paraibano",250104,"Patos","São José do Bonfim",0.586
25,"Paraíba",251465,2010,2501,"Sertão Paraibano",250101,"Catolé do Rocha","São José do Brejo do Cruz",0.776
25,"Paraíba",251465,2000,2501,"Sertão Paraibano",250101,"Catolé do Rocha","São José do Brejo do Cruz",0.64
25,"Paraíba",251465,1991,2501,"Sertão Paraibano",250101,"Catolé do Rocha","São José do Brejo do Cruz",0.6
25,"Paraíba",251470,2010,2502,"Borborema",250208,"Seridó Ocidental Paraibano","São José do Sabugi",0.781
25,"Paraíba",251470,2000,2502,"Borborema",250208,"Seridó Ocidental Paraibano","São José do Sabugi",0.703
25,"Paraíba",251470,1991,2502,"Borborema",250208,"Seridó Ocidental Paraibano","São José do Sabugi",0.586
25,"Paraíba",251480,1991,2502,"Borborema",250210,"Cariri Ocidental","São José dos Cordeiros",0.601
25,"Paraíba",251480,2010,2502,"Borborema",250210,"Cariri Ocidental","São José dos Cordeiros",0.778
25,"Paraíba",251480,2000,2502,"Borborema",250210,"Cariri Ocidental","São José dos Cordeiros",0.649
25,"Paraíba",251490,2010,2502,"Borborema",250208,"Seridó Ocidental Paraibano","São Mamede",0.765
25,"Paraíba",251490,1991,2502,"Borborema",250208,"Seridó Ocidental Paraibano","São Mamede",0.586
25,"Paraíba",251490,2000,2502,"Borborema",250208,"Seridó Ocidental Paraibano","São Mamede",0.657
25,"Paraíba",251500,2000,2504,"Mata Paraibana",250421,"Sapé","São Miguel de Taipu",0.599
25,"Paraíba",251500,2010,2504,"Mata Paraibana",250421,"Sapé","São Miguel de Taipu",0.721
25,"Paraíba",251500,1991,2504,"Mata Paraibana",250421,"Sapé","São Miguel de Taipu",0.477
25,"Paraíba",251510,2010,2503,"Agreste Paraibano",250314,"Esperança","São Sebastião de Lagoa de Roça",0.795
25,"Paraíba",251510,2000,2503,"Agreste Paraibano",250314,"Esperança","São Sebastião de Lagoa de Roça",0.662
25,"Paraíba",251510,1991,2503,"Agreste Paraibano",250314,"Esperança","São Sebastião de Lagoa de Roça",0.542
25,"Paraíba",251520,2010,2502,"Borborema",250210,"Cariri Ocidental","São Sebastião do Umbuzeiro",0.763
25,"Paraíba",251520,2000,2502,"Borborema",250210,"Cariri Ocidental","São Sebastião do Umbuzeiro",0.642
25,"Paraíba",251520,1991,2502,"Borborema",250210,"Cariri Ocidental","São Sebastião do Umbuzeiro",0.517
25,"Paraíba",251530,2010,2504,"Mata Paraibana",250421,"Sapé","Sapé",0.711
25,"Paraíba",251530,2000,2504,"Mata Paraibana",250421,"Sapé","Sapé",0.606
25,"Paraíba",251530,1991,2504,"Mata Paraibana",250421,"Sapé","Sapé",0.474
25,"Paraíba",251540,2010,2502,"Borborema",250209,"Seridó Oriental Paraibano","Seridó",0.714
25,"Paraíba",251540,1991,2502,"Borborema",250209,"Seridó Oriental Paraibano","Seridó",0.474
25,"Paraíba",251540,2000,2502,"Borborema",250209,"Seridó Oriental Paraibano","Seridó",0.594
25,"Paraíba",251550,1991,2502,"Borborema",250210,"Cariri Ocidental","Serra Branca",0.568
25,"Paraíba",251550,2000,2502,"Borborema",250210,"Cariri Ocidental","Serra Branca",0.658
25,"Paraíba",251550,2010,2502,"Borborema",250210,"Cariri Ocidental","Serra Branca",0.77
25,"Paraíba",251560,2000,2503,"Agreste Paraibano",250316,"Guarabira","Serra da Raiz",0.667
25,"Paraíba",251560,1991,2503,"Agreste Paraibano",250316,"Guarabira","Serra da Raiz",0.536
25,"Paraíba",251560,2010,2503,"Agreste Paraibano",250316,"Guarabira","Serra da Raiz",0.792
25,"Paraíba",251570,2010,2501,"Sertão Paraibano",250106,"Itaporanga","Serra Grande",0.745
25,"Paraíba",251570,2000,2501,"Sertão Paraibano",250106,"Itaporanga","Serra Grande",0.637
25,"Paraíba",251570,1991,2501,"Sertão Paraibano",250106,"Itaporanga","Serra Grande",0.57
25,"Paraíba",251580,2000,2503,"Agreste Paraibano",250317,"Campina Grande","Serra Redonda",0.632
25,"Paraíba",251580,1991,2503,"Agreste Paraibano",250317,"Campina Grande","Serra Redonda",0.561
25,"Paraíba",251580,2010,2503,"Agreste Paraibano",250317,"Campina Grande","Serra Redonda",0.772
25,"Paraíba",251590,2000,2503,"Agreste Paraibano",250315,"Brejo Paraibano","Serraria",0.661
25,"Paraíba",251590,2010,2503,"Agreste Paraibano",250315,"Brejo Paraibano","Serraria",0.779
25,"Paraíba",251590,1991,2503,"Agreste Paraibano",250315,"Brejo Paraibano","Serraria",0.517
25,"Paraíba",251593,2000,2503,"Agreste Paraibano",250316,"Guarabira","Sertãozinho",0.636
25,"Paraíba",251593,1991,2503,"Agreste Paraibano",250316,"Guarabira","Sertãozinho",0.601
25,"Paraíba",251593,2010,2503,"Agreste Paraibano",250316,"Guarabira","Sertãozinho",0.769
25,"Paraíba",251597,2000,2504,"Mata Paraibana",250421,"Sapé","Sobrado",0.637
25,"Paraíba",251597,2010,2504,"Mata Paraibana",250421,"Sapé","Sobrado",0.753
25,"Paraíba",251597,1991,2504,"Mata Paraibana",250421,"Sapé","Sobrado",0.5
25,"Paraíba",251600,2000,2503,"Agreste Paraibano",250313,"Curimataú Oriental","Solânea",0.662
25,"Paraíba",251600,1991,2503,"Agreste Paraibano",250313,"Curimataú Oriental","Solânea",0.568
25,"Paraíba",251600,2010,2503,"Agreste Paraibano",250313,"Curimataú Oriental","Solânea",0.762
25,"Paraíba",251610,2000,2503,"Agreste Paraibano",250312,"Curimataú Ocidental","Soledade",0.637
25,"Paraíba",251610,1991,2503,"Agreste Paraibano",250312,"Curimataú Ocidental","Soledade",0.586
25,"Paraíba",251610,2010,2503,"Agreste Paraibano",250312,"Curimataú Ocidental","Soledade",0.772
25,"Paraíba",251615,2000,2503,"Agreste Paraibano",250312,"Curimataú Ocidental","Sossêgo",0.632
25,"Paraíba",251615,1991,2503,"Agreste Paraibano",250312,"Curimataú Ocidental","Sossêgo",0.5
25,"Paraíba",251615,2010,2503,"Agreste Paraibano",250312,"Curimataú Ocidental","Sossêgo",0.769
25,"Paraíba",251620,2010,2501,"Sertão Paraibano",250103,"Sousa","Sousa",0.814
25,"Paraíba",251620,2000,2501,"Sertão Paraibano",250103,"Sousa","Sousa",0.699
25,"Paraíba",251620,1991,2501,"Sertão Paraibano",250103,"Sousa","Sousa",0.581
25,"Paraíba",251630,2010,2502,"Borborema",250210,"Cariri Ocidental","Sumé",0.765
25,"Paraíba",251630,1991,2502,"Borborema",250210,"Cariri Ocidental","Sumé",0.647
25,"Paraíba",251630,2000,2502,"Borborema",250210,"Cariri Ocidental","Sumé",0.692
25,"Paraíba",251640,2000,2503,"Agreste Paraibano",250313,"Curimataú Oriental","Tacima",0.619
25,"Paraíba",251640,1991,2503,"Agreste Paraibano",250313,"Curimataú Oriental","Tacima",0.518
25,"Paraíba",251640,2010,2503,"Agreste Paraibano",250313,"Curimataú Oriental","Tacima",0.726
25,"Paraíba",251650,2000,2502,"Borborema",250210,"Cariri Ocidental","Taperoá",0.631
25,"Paraíba",251650,1991,2502,"Borborema",250210,"Cariri Ocidental","Taperoá",0.498
25,"Paraíba",251650,2010,2502,"Borborema",250210,"Cariri Ocidental","Taperoá",0.749
25,"Paraíba",251660,2010,2501,"Sertão Paraibano",250107,"Serra do Teixeira","Tavares",0.777
25,"Paraíba",251660,2000,2501,"Sertão Paraibano",250107,"Serra do Teixeira","Tavares",0.656
25,"Paraíba",251660,1991,2501,"Sertão Paraibano",250107,"Serra do Teixeira","Tavares",0.569
25,"Paraíba",251670,2010,2501,"Sertão Paraibano",250107,"Serra do Teixeira","Teixeira",0.741
25,"Paraíba",251670,1991,2501,"Sertão Paraibano",250107,"Serra do Teixeira","Teixeira",0.511
25,"Paraíba",251670,2000,2501,"Sertão Paraibano",250107,"Serra do Teixeira","Teixeira",0.627
25,"Paraíba",251675,1991,2502,"Borborema",250209,"Seridó Oriental Paraibano","Tenório",0.537
25,"Paraíba",251675,2000,2502,"Borborema",250209,"Seridó Oriental Paraibano","Tenório",0.587
25,"Paraíba",251675,2010,2502,"Borborema",250209,"Seridó Oriental Paraibano","Tenório",0.707
25,"Paraíba",251680,1991,2501,"Sertão Paraibano",250102,"Cajazeiras","Triunfo",0.537
25,"Paraíba",251680,2010,2501,"Sertão Paraibano",250102,"Cajazeiras","Triunfo",0.78
25,"Paraíba",251680,2000,2501,"Sertão Paraibano",250102,"Cajazeiras","Triunfo",0.656
25,"Paraíba",251690,2010,2501,"Sertão Paraibano",250102,"Cajazeiras","Uiraúna",0.797
25,"Paraíba",251690,1991,2501,"Sertão Paraibano",250102,"Cajazeiras","Uiraúna",0.635
25,"Paraíba",251690,2000,2501,"Sertão Paraibano",250102,"Cajazeiras","Uiraúna",0.675
25,"Paraíba",251700,2010,2503,"Agreste Paraibano",250319,"Umbuzeiro","Umbuzeiro",0.712
25,"Paraíba",251700,1991,2503,"Agreste Paraibano",250319,"Umbuzeiro","Umbuzeiro",0.512
25,"Paraíba",251700,2000,2503,"Agreste Paraibano",250319,"Umbuzeiro","Umbuzeiro",0.606
25,"Paraíba",251710,1991,2502,"Borborema",250208,"Seridó Ocidental Paraibano","Várzea",0.586
25,"Paraíba",251710,2010,2502,"Borborema",250208,"Seridó Ocidental Paraibano","Várzea",0.8
25,"Paraíba",251710,2000,2502,"Borborema",250208,"Seridó Ocidental Paraibano","Várzea",0.705
25,"Paraíba",251720,2000,2501,"Sertão Paraibano",250103,"Sousa","Vieirópolis",0.637
25,"Paraíba",251720,1991,2501,"Sertão Paraibano",250103,"Sousa","Vieirópolis",0.507
25,"Paraíba",251720,2010,2501,"Sertão Paraibano",250103,"Sousa","Vieirópolis",0.762
25,"Paraíba",251740,2010,2502,"Borborema",250210,"Cariri Ocidental","Zabelê",0.725
25,"Paraíba",251740,1991,2502,"Borborema",250210,"Cariri Ocidental","Zabelê",0.478
25,"Paraíba",251740,2000,2502,"Borborema",250210,"Cariri Ocidental","Zabelê",0.596
