"REGIAO","ANO","INDICADOR_001","INDICADOR_002","INDICADOR_004","INDICADOR_007","INDICADOR_009","INDICADOR_020","INDICADOR_021","INDICADOR_035","INDICADOR_041","INDICADOR_101","INDICADOR_102","INDICADOR_103","INDICADOR_104","INDICADOR_105","INDICADOR_106","INDICADOR_107","INDICADOR_108","INDICADOR_109","INDICADOR_110","INDICADOR_111","INDICADOR_112","INDICADOR_113","INDICADOR_114","INDICADOR_201","INDICADOR_202","INDICADOR_203","INDICADOR_204","INDICADOR_205","INDICADOR_206","INDICADOR_207","INDICADOR_208"
25,1991,NA,NA,NA,NA,NA,NA,NA,NA,NA,NA,NA,NA,NA,NA,NA,NA,NA,NA,NA,NA,NA,NA,NA,57.18,4.43,81.15,105.24,59.41,7.21385650224215,0.284336322869955,0.536
25,2000,NA,NA,NA,NA,NA,NA,NA,NA,NA,NA,NA,NA,NA,NA,NA,NA,NA,NA,NA,NA,NA,NA,NA,63.24,2.9,48.6,62.45,68.55,8.05242152466368,0.413,0.637
25,2007,NA,NA,NA,NA,NA,NA,NA,NA,NA,345.040847816953,325.96969254614,0.23217867880999,0.0893425063334447,0.962667972100494,0.0373320278995059,0.816165475955502,0.0197985909789936,0,0,0.00895180957578126,0,0.539521524345961,0.589656337121411,NA,NA,NA,NA,NA,NA,NA,NA
25,2008,100,43.48,100,0.12,0.82,59.31,48.8177130044843,66.67,0,355.503505745044,333.090185970888,0.229750102806211,0.0876914051432405,0.963850990190601,0.0361490098093991,0.857344764747338,0.0348719571465584,0,0,0.00700161649220244,0,0.511775910343374,0.504375300059077,NA,NA,NA,NA,NA,NA,NA,NA
25,2009,100,41.0724215246637,100,0.16,0.87,56.67,52.1939461883408,66.67,0,363.601420434549,345.219599303092,0.224144950781129,0.0986065565490134,0.969075130474378,0.0309248695256215,0.900589999561904,0.0249030768531996,0,0,0.00441023876714214,0,0.579640869008024,0.414467232724302,NA,NA,NA,NA,NA,NA,NA,NA
25,2010,100,41.5257847533632,100,0.19,0.99,53.19,58.0704484304933,66.67,0,391.330437827767,369.126420844195,0.223481547280632,0.0772980570218192,0.970736675035824,0.0292633249641762,0.876678685958364,0.012843176245288,0,0,0.00731361619554038,0,0.579797975505268,0.385097250965573,70.45,2.15,26,28.08,82.61,9.60094170403587,0.583,0.758
25,2011,100,37.3987443946188,100,0.32,1.19,50.57,60.807399103139,50,28.57,423.620476996376,389.359289334732,0.224562351787396,0.109289882287061,0.953185758834002,0.0468142411659979,0.864010190617269,0.032729446957832,0,0,0.00697137500800926,0,0.561785213572053,0.322313262737446,NA,NA,NA,NA,NA,NA,NA,NA
25,2012,100,34.26,100,0.39,1.47,NA,NA,12.5,42.86,449.544663398407,415.83443268388,0.229276053025252,0.106028109524998,0.94946722771364,0.0505327722863604,0.857263879163032,0.0430501666323749,0,0,0.00799350273200954,0,0.557886695338897,0.289234552264524,NA,NA,NA,NA,NA,NA,NA,NA
2501,1991,NA,NA,NA,NA,NA,NA,NA,NA,NA,NA,NA,NA,NA,NA,NA,NA,NA,NA,NA,NA,NA,NA,NA,58.34,4.32,75.11,97.75,61.41,6.31638554216867,0.28055421686747,0.556
2501,2000,NA,NA,NA,NA,NA,NA,NA,NA,NA,NA,NA,NA,NA,NA,NA,NA,NA,NA,NA,NA,NA,NA,NA,63.52,2.58,47.55,61.14,69.04,7.33722891566265,0.413,0.642
2501,2007,NA,NA,NA,NA,NA,NA,NA,NA,NA,397.832396649204,361.209176069207,0.23706996453862,0.0914986659140953,0.957738724162877,0.0422612758371228,0.909502369523746,0,0,0,0.00174492131323451,0,0.461440407725837,0.535659042569365,NA,NA,NA,NA,NA,NA,NA,NA
2501,2008,100,48.04,100,0.05,0.67,49.07,44.4592771084337,66.67,0,371.479313845586,356.023626333644,0.227157568497257,0.0854910769200588,0.964016454397784,0.035983545602216,0.904136890780385,0,0,0,0.00098018282796395,0,0.470908624954292,0.468197980134774,NA,NA,NA,NA,NA,NA,NA,NA
2501,2009,100,44.219156626506,100,0.06,0.76,45.61,45.6957831325301,66.67,0,380.239147450703,348.060303420806,0.223756830679388,0.132970962992568,0.955939008279451,0.0440609917205491,0.930096937689711,0,0,0,0.000438690755866278,0,0.529446250171789,0.296501673506773,NA,NA,NA,NA,NA,NA,NA,NA
2501,2010,100,43.848313253012,100,0.09,0.87,40.26,54.2892771084337,50,0,411.329226893594,363.975023966872,0.227137107145006,0.0859974943849197,0.951855935425294,0.048144064574706,0.900227106214137,0,0,0,0.00262881332306688,0,0.559783998196768,0.266325235701601,70.7,1.97,25.3,27.28,83.03,9.39771084337349,0.587,0.762
2501,2011,100,39.8181927710843,100,0.15,1,40.32,60.0204819277108,37.5,0,458.341063202501,406.044353469174,0.227764099388831,0.123865127515254,0.944090478275532,0.0559095217244676,0.864010190617269,0.00550834550278554,0,0,0.00184582834803315,0,0.529879033058726,0.231374734652883,NA,NA,NA,NA,NA,NA,NA,NA
2501,2012,100,37.5,100,0.2,1.16,NA,NA,0,28.57,471.224663165656,430.343292754221,0.241924413669782,0.116795192350376,0.919609090992302,0.0803909090076981,0.884306145671174,0.0227811468456469,0,0,0.00799350273200954,0,0.515834142028167,0.236348759121694,NA,NA,NA,NA,NA,NA,NA,NA
2502,1991,NA,NA,NA,NA,NA,NA,NA,NA,NA,NA,NA,NA,NA,NA,NA,NA,NA,NA,NA,NA,NA,NA,NA,57.21,4.265,80.99,105.045,59.46,8.30454545454545,0.298863636363636,0.5365
2502,2000,NA,NA,NA,NA,NA,NA,NA,NA,NA,NA,NA,NA,NA,NA,NA,NA,NA,NA,NA,NA,NA,NA,NA,63.02,2.92,49.41,63.465,68.175,9.07431818181818,0.4325,0.6335
2502,2007,NA,NA,NA,NA,NA,NA,NA,NA,NA,400.959230866857,382.752341831182,0.2284109160254,0.0576558488544278,0.97873699190197,0.0212630080980299,0.43241993040587,0.142674541077602,0,0,0,0,0.518899886448762,0.556432643137829,NA,NA,NA,NA,NA,NA,NA,NA
2502,2008,100,43.73,100,0.285,0.785,64.04,57.0404545454545,66.67,0,420.696561599994,385.074668074148,0.235865399276147,0.145226466874192,0.944558896015429,0.0554411039845714,0.386398997478049,0.255940125951225,0,0.000138076137260784,0,0,0.492929245395948,0.49397641359594,NA,NA,NA,NA,NA,NA,NA,NA
2502,2009,100,37.1977272727273,100,0.34,0.905,56.17,60.8152272727273,66.67,0,423.267536004652,401.254571877328,0.226493483882662,0.0769720240548449,0.9730603819731,0.0269396180268998,0.395245877182899,0.062718558028985,0,0,0,0,0.563811570529504,0.405731113428068,NA,NA,NA,NA,NA,NA,NA,NA
2502,2010,100,37.1106818181818,100,0.24,0.83,52.325,65.1454545454545,66.67,0,437.981386430978,422.671160302728,0.220999483320532,0.0757403937639826,0.976731295339822,0.0232687046601787,0.663215186893721,0.0487830907718013,0,0,0.00829952242941225,0,0.560339336605428,0.414830528633135,70.325,2.115,26.4,28.48,82.395,10.4375,0.5975,0.7555
2502,2011,100,32.5436363636364,100,0.38,1.09,52.01,67.4415909090909,37.5,28.57,473.058609789658,448.505154834648,0.225091817183245,0.0939212606756767,0.947919905982767,0.0520800940172338,0.640781963246963,0.0527287141490647,0,0,0.00894981118642958,0,0.533931245792088,0.370892320094411,NA,NA,NA,NA,NA,NA,NA,NA
2502,2012,100,35.71,100,0.435,1.49,NA,NA,12.5,28.57,511.965062290816,471.225757446654,0.226762294344218,0.111082688329266,0.938968896549876,0.0610311034501241,0.617171128009993,0.0854797527377902,0,0,0.00117281517571603,0,0.531500703693332,0.31056712725874,NA,NA,NA,NA,NA,NA,NA,NA
2503,1991,NA,NA,NA,NA,NA,NA,NA,NA,NA,NA,NA,NA,NA,NA,NA,NA,NA,NA,NA,NA,NA,NA,NA,56.35,4.295,85.61,110.755,57.99,8.08984848484848,0.279818181818182,0.5225
2503,2000,NA,NA,NA,NA,NA,NA,NA,NA,NA,NA,NA,NA,NA,NA,NA,NA,NA,NA,NA,NA,NA,NA,NA,63.185,3.04,48.795,62.695,68.46,8.88227272727273,0.4085,0.6365
2503,2007,NA,NA,NA,NA,NA,NA,NA,NA,NA,280.22510543868,270.817778732809,0.232183943175251,0.0912139918427891,0.974394056252357,0.0256059437476431,0.586176733100348,0.20116997850552,0,0,0.0141516825525991,0,0.568182766915059,0.637921834977159,NA,NA,NA,NA,NA,NA,NA,NA
2503,2008,100,40.905,100,0.15,0.94,64.235,49.975303030303,66.67,0,300.845016632784,279.317152733798,0.231637568623273,0.0872404652277135,0.967920842274303,0.0320791577256971,0.599927533569675,0.128227897709077,0,0,0.0137326545994731,0,0.557828300733,0.572126848527055,NA,NA,NA,NA,NA,NA,NA,NA
2503,2009,100,39.7760606060606,100,0.195,0.97,63.905,56.6315151515152,75,0,314.10984119164,303.696367132355,0.226106253706485,0.0848502787002531,0.975356127316354,0.0246438726836456,0.694338250873264,0.151381097959433,0,0,0.0127088068226451,0,0.604782951564317,0.4741067305473,NA,NA,NA,NA,NA,NA,NA,NA
2503,2010,100,41.7943939393939,100,0.255,1.095,59.73,62.0054545454545,66.67,0,333.725226774836,316.58329240878,0.224334358103056,0.0715656595288198,0.97601032702859,0.0239896729714108,0.696771216656084,0.0666009397627017,0,0,0.0111289595301526,0,0.617440233715955,0.406374027950327,70.62,2.18,25.5,27.525,82.895,10.1584848484848,0.574,0.7605
2503,2011,100,37.6234848484848,100,0.32,1.245,57.21,61.4172727272727,37.5,57.14,361.509833577484,346.89080067832,0.224350413806829,0.104166310853174,0.959392953825378,0.0406070461746222,0.764525496712952,0.0740253039829614,0,0,0.0112692735735342,0,0.594013960898917,0.366066529338478,NA,NA,NA,NA,NA,NA,NA,NA
2503,2012,100,31.795,100,0.46,1.61,NA,NA,25,57.14,389.465823221841,367.897270098815,0.226410582993092,0.091983394422661,0.959729974824229,0.0402700251757713,0.755129586704274,0.105151980820027,0,0,0.00952650147427308,0,0.598683565550453,0.305803186035018,NA,NA,NA,NA,NA,NA,NA,NA
2504,1991,NA,NA,NA,NA,NA,NA,NA,NA,NA,NA,NA,NA,NA,NA,NA,NA,NA,NA,NA,NA,NA,NA,NA,55.13,4.99,92.48,119.175,55.915,6.17,0.283433333333333,0.502
2504,2000,NA,NA,NA,NA,NA,NA,NA,NA,NA,NA,NA,NA,NA,NA,NA,NA,NA,NA,NA,NA,NA,NA,NA,62.86,3.125,50.015,64.225,67.895,6.70666666666667,0.4005,0.631
2504,2007,NA,NA,NA,NA,NA,NA,NA,NA,NA,306.464996035091,284.864548864512,0.221842741639372,0.112105723401439,0.960877992560891,0.0391220074391092,0.938801087992916,0.000200520560828512,0,0,0.00911000501733995,0,0.602004307110775,0.526674893807386,NA,NA,NA,NA,NA,NA,NA,NA
2504,2008,100,46.505,100,0.14,1.015,61.15,46.2693333333333,66.67,0,298.742685824136,284.878987018162,0.220108948937836,0.0527009090157769,0.978522797396012,0.0214772026039878,0.974642313451792,0.00462532998861298,0,0,0.00872319014622872,0,0.614706623885323,0.402266879449395,NA,NA,NA,NA,NA,NA,NA,NA
2504,2009,100,40.9013333333333,100,0.23,1.095,60.36,47.765,75,0,315.711294468374,299.750988482272,0.217103988686708,0.0758261762793369,0.973574548461958,0.0264254515380416,0.950117745875692,0.0187538451005667,0,0,0.00453439649087822,0,0.639775527469098,0.437233941757283,NA,NA,NA,NA,NA,NA,NA,NA
2504,2010,100,40.9846666666667,100,0.33,1.285,56.015,49.498,66.67,0,347.445633239803,334.965191231091,0.212555662671555,0.0661199100271301,0.977356915528304,0.0226430844716958,0.953771567146269,0.006537761315461,0,0,0.00235703502280916,0,0.645646476031515,0.466032003566927,70.03,2.33,27.25,29.425,81.9,7.70966666666667,0.5695,0.7505
2504,2011,100,37.3313333333333,100,0.805,1.46,56.035,51.9126666666667,62.5,50,372.431314961716,353.319702363627,0.216756201123745,0.122318365490382,0.962395386304871,0.0376046136951292,0.943371167313639,0.0086533405521732,0,6.42668208568475e-06,0.00704222002550728,0,0.620008221617102,0.416842880308031,NA,NA,NA,NA,NA,NA,NA,NA
2504,2012,100,28.18,100,0.72,1.915,NA,NA,37.5,50,358.1519947111,340.713757581793,0.216018438362967,0.0948552411835118,0.962138666109032,0.0378613338909684,0.96558060946648,0.00058602204347712,0,0,0.00589757026467863,0,0.62317843277999,0.400611399903454,NA,NA,NA,NA,NA,NA,NA,NA
250101,1991,NA,NA,NA,NA,NA,NA,NA,NA,NA,NA,NA,NA,NA,NA,NA,NA,NA,NA,NA,NA,NA,NA,NA,60.98,3.53,62.36,81.76,66.03,6.49272727272727,0.295636363636364,0.6
250101,2000,NA,NA,NA,NA,NA,NA,NA,NA,NA,NA,NA,NA,NA,NA,NA,NA,NA,NA,NA,NA,NA,NA,NA,64.64,2.52,43.55,56.13,70.97,7.33454545454545,0.424,0.661
250101,2007,NA,NA,NA,NA,NA,NA,NA,NA,NA,344.877236288331,331.6383364244,0.273171602095457,0.0996520531625667,0.949207212772858,0.0507927872271421,0.135238588507488,0.849250747948552,0,0,0.0158178366705211,0,0.487556264680289,0.604947543150569,NA,NA,NA,NA,NA,NA,NA,NA
250101,2008,100,52.08,100,0.11,1.05,25,45.31,83.33,0,380.128959998924,356.111113470169,0.269750482800628,0.255097606290405,0.942384032205806,0.0576159677941944,0.116120236414325,0.880141469750591,0,0,0.0121317653964052,0,0.472495848197412,0.574863689040804,NA,NA,NA,NA,NA,NA,NA,NA
250101,2009,100,53.5881818181818,100,0.21,1.04,23,41.2263636363636,83.33,0,382.100403769162,357.479556308047,0.255599790614051,0.291248457241924,0.91476324990057,0.0852367500994296,0.0101965912102948,0.760509994280838,0,0,0.0177179352957661,0,0.494931201020406,0.47396912760724,NA,NA,NA,NA,NA,NA,NA,NA
250101,2010,100,49.2463636363636,100,0.18,1.19,20.47,51.7027272727273,83.33,0,412.831540169168,394.255622276409,0.255940833593977,0.130314598908759,0.936614793694279,0.0633852063057212,0.106602251734077,0.706780162764048,0,0,0.0176456309136229,0,0.490760566751398,0.335829154550103,71.58,2.02,22.8,24.6,84.47,9.33545454545455,0.581,0.776
250101,2011,100,50.2090909090909,100,0.24,1.23,19.44,60.4190909090909,37.5,0,445.491721247563,402.920562978506,0.260601100772991,0.210889140148857,0.908726675970665,0.0912733240293351,0.083337801718409,0.74319672677774,0,0,0.0141976414763964,0,0.499938337070845,0.183779296774613,NA,NA,NA,NA,NA,NA,NA,NA
250101,2012,100,51.22,100,0.3,1.42,NA,NA,0,28.57,476.489690788061,440.60967703122,0.285369304547978,0.15563522910916,0.916523988795231,0.0834760112047691,0.124612260615564,0.746829516279363,0,0,0.0121146065475129,0,0.515208227552864,0.309294326538488,NA,NA,NA,NA,NA,NA,NA,NA
250102,1991,NA,NA,NA,NA,NA,NA,NA,NA,NA,NA,NA,NA,NA,NA,NA,NA,NA,NA,NA,NA,NA,NA,NA,57.23,4.14,80.86,104.89,59.5,6.33133333333333,0.294333333333333,0.537
250102,2000,NA,NA,NA,NA,NA,NA,NA,NA,NA,NA,NA,NA,NA,NA,NA,NA,NA,NA,NA,NA,NA,NA,NA,64.36,2.68,44.55,57.38,70.48,7.55266666666667,0.425,0.656
250102,2007,NA,NA,NA,NA,NA,NA,NA,NA,NA,305.838918565212,300.825357630837,0.191972979316027,0.0262750361724963,0.990306940907503,0.00969305909249658,0.857657386747714,0,0,0,0,0,0.471858361882272,0,NA,NA,NA,NA,NA,NA,NA,NA
250102,2008,100,44.44,100,0,0.67,45.65,54.3,66.67,0,362.958343809503,312.167396747116,0.197935857300902,0.0553318336089823,0.936297969530126,0.0637020304698743,0.864176218441438,0,0,0,0,0,0.48991408590706,0,NA,NA,NA,NA,NA,NA,NA,NA
250102,2009,100,45.2006666666667,100,0,0.68,42.42,45.602,83.33,0,378.838394965558,320.640939510584,0.203444786438599,0.0964258400807244,0.961567706597084,0.0384322934029155,0.897872650268019,0,0,0,0,0,0.513618807516571,0,NA,NA,NA,NA,NA,NA,NA,NA
250102,2010,100,47.944,100,0.05,0.81,40.26,51.3153333333333,16.67,0,403.877371257327,403.046602602846,0.199931601006521,0.056146221936906,0.956001760819722,0.0439982391802778,0.835695624864739,0,0,0,0.000179621832994284,0,0.565585290192864,0.319596809774298,70.95,1.81,24.6,26.49,83.45,9.81866666666667,0.603,0.766
250102,2011,100,44.3726666666667,100,0.06,0.92,40.75,63.2633333333333,25,0,430.48476345144,423.019652578376,0.197791665425128,0.0476853973497976,0.976381344523384,0.0236186554766159,0.831910928778894,0,0,0,0.000256482379631207,0,0.541970572685284,0.274640437696013,NA,NA,NA,NA,NA,NA,NA,NA
250102,2012,100,43.44,100,0.18,1.01,NA,NA,25,28.57,441.228060750312,415.47131498471,0.198226464696015,0.060678297636827,0.933151832845532,0.066848167154468,0.930026070086942,0.0227811468456469,0,0,0.00837548320397377,0,0.525511324458992,0.133625301724381,NA,NA,NA,NA,NA,NA,NA,NA
250103,1991,NA,NA,NA,NA,NA,NA,NA,NA,NA,NA,NA,NA,NA,NA,NA,NA,NA,NA,NA,NA,NA,NA,NA,58.67,3.46,73.42,95.64,62,7.07529411764706,0.274882352941176,0.561
250103,2000,NA,NA,NA,NA,NA,NA,NA,NA,NA,NA,NA,NA,NA,NA,NA,NA,NA,NA,NA,NA,NA,NA,NA,63.56,2.39,47.4,60.95,69.11,8.29588235294118,0.412,0.643
250103,2007,NA,NA,NA,NA,NA,NA,NA,NA,NA,408.678418285744,331.563829769431,0.220989386285628,0.0898547990848647,0.971849052200888,0.0281509477991122,0.750140376836077,0.00947732086615843,0,0,0.000408112274407438,0,0.464988308905378,0.65213164664377,NA,NA,NA,NA,NA,NA,NA,NA
250103,2008,100,42.5,100,0.04,0.76,38.7,46.3541176470588,100,0,334.161867421556,315.607522079512,0.218688210127584,0.107513707908659,0.983659221671857,0.0163407783281428,0.897314956468255,0.00302842036231113,0,0,0.00486371828748143,0,0.471084595446173,0.608037500650584,NA,NA,NA,NA,NA,NA,NA,NA
250103,2009,100,41.7994117647059,100,0.07,0.88,35.77,53.6052941176471,66.67,0,354.401668506018,329.964411934447,0.212362933232053,0.132970962992568,0.96019865399694,0.0398013460030596,0.879574440348041,0.00146464813022269,0,0,0.00346712341817664,0,0.558518154808995,0.452345498527124,NA,NA,NA,NA,NA,NA,NA,NA
250103,2010,100,48.1105882352941,100,0.07,1.07,31.41,68.3564705882353,16.67,0,441.915870805568,359.374213663842,0.22274359266715,0.0845503741483869,0.973473381249523,0.0265266187504772,0.676228161815499,0,0,0,0.0063474546806736,0,0.550883250973148,0.337870281270551,70.7,1.92,25.3,27.28,83.03,10.6888235294118,0.58,0.762
250103,2011,100,40.2741176470588,100,0.11,1.47,25.32,64.5241176470588,50,28.57,469.54511120988,410.290477008737,0.191767915406591,0.0668697986916915,0.956073001558677,0.0439269984413235,0.726823216304277,0,0,0,0.00480842692971838,0,0.520602496625077,0.24879755996053,NA,NA,NA,NA,NA,NA,NA,NA
250103,2012,100,31.58,100,0.21,1.69,NA,NA,0,57.14,463.794322361304,405.420499159768,0.219563850834304,0.103122091947655,0.935361148456689,0.0646388515433114,0.868037663687634,0.0052268553026163,0,0,0.00175035905723624,0,0.50778837677833,0.244781468110107,NA,NA,NA,NA,NA,NA,NA,NA
250104,1991,NA,NA,NA,NA,NA,NA,NA,NA,NA,NA,NA,NA,NA,NA,NA,NA,NA,NA,NA,NA,NA,NA,NA,55.5,4.77,90.38,116.6,56.54,6.98111111111111,0.270111111111111,0.508
250104,2000,NA,NA,NA,NA,NA,NA,NA,NA,NA,NA,NA,NA,NA,NA,NA,NA,NA,NA,NA,NA,NA,NA,NA,63.33,2.47,48.28,62.05,68.7,7.67333333333333,0.413,0.639
250104,2007,NA,NA,NA,NA,NA,NA,NA,NA,NA,465.627962497797,447.69552309694,0.233471501323671,0.210907001322336,0.889265656846254,0.110734343153746,0.898679524619468,3.88268943962707e-05,0,0,0.0139408822469844,0,0.404944928363088,0.535659042569365,NA,NA,NA,NA,NA,NA,NA,NA
250104,2008,100,39.84,100,0.06,0.63,57.69,51.8955555555556,0,0,452.128868663253,414.949605128855,0.212578036881996,0.0703312774086284,0.951034838832073,0.0489651611679268,0.933094060152247,8.41563027953548e-06,0,0,0.00965256970848484,0,0.462525130840375,0.33528109887358,NA,NA,NA,NA,NA,NA,NA,NA
250104,2009,100,34.9722222222222,100,0.15,1,55.07,55.0511111111111,50,0,478.460062547225,417.845447224068,0.209779175548142,0.128689524459917,0.958910711714841,0.041089288285159,0.965067940105595,0,0,0.000310519242797079,0.000438690755866278,0,0.537262524845576,0.0181281522461374,NA,NA,NA,NA,NA,NA,NA,NA
250104,2010,100,31.0555555555556,100,0.09,0.85,60,59.0033333333333,33.33,0,522.734633576137,458.457893812189,0.21860341983361,0.106092837090064,0.940286420332768,0.0597135796672324,0.87041187581472,0.0219583665339917,0,0.00106417283079795,0.0201768465796262,0,0.547609715399785,0.0685566553900798,71.25,2.09,23.7,25.58,83.94,8.99888888888889,0.596,0.771
250104,2011,100,26.25,100,0.11,0.98,48.28,60.8844444444444,37.5,0,532.138211100881,483.410735483322,0.212932810159161,0.180916281074773,0.874795102293569,0.12520489770643,0.832873347387062,0.000566419627037392,0,0,0.0178894176499477,0,0.510539750218627,0.120979265942018,NA,NA,NA,NA,NA,NA,NA,NA
250104,2012,100,30.43,100,0.11,0.91,NA,NA,0,0,696.896334083521,529.300396609143,0.252079956960409,0.332312979899497,0.853732406942614,0.146267593057386,0.81019495348009,0.0125811711659878,0,0,0.0240507925329487,0,0.463599767800819,0.147747091760062,NA,NA,NA,NA,NA,NA,NA,NA
250105,1991,NA,NA,NA,NA,NA,NA,NA,NA,NA,NA,NA,NA,NA,NA,NA,NA,NA,NA,NA,NA,NA,NA,NA,56.84,4.52,82.95,107.48,58.83,5.71777777777778,0.279111111111111,0.531
250105,2000,NA,NA,NA,NA,NA,NA,NA,NA,NA,NA,NA,NA,NA,NA,NA,NA,NA,NA,NA,NA,NA,NA,NA,64.36,2.4,44.55,57.38,70.48,7.01777777777778,0.405,0.656
250105,2007,NA,NA,NA,NA,NA,NA,NA,NA,NA,414.020989180052,363.351962757876,0.265545512270034,0.138640638431299,0.899558644973642,0.100441355026358,0.944548352764515,0,0,0,0,0,0.503198723391196,0.41381265079955,NA,NA,NA,NA,NA,NA,NA,NA
250105,2008,100,50.53,100,0.05,0.55,59.09,44.7722222222222,66.67,0,358.74804858682,341.926081239171,0.239523327028263,0.11099519783415,0.940619205893896,0.0593807941061036,0.948984520075716,0,0,0,0,0,0.496149767479189,0.382357352397912,NA,NA,NA,NA,NA,NA,NA,NA
250105,2009,100,41.9488888888889,100,0.06,0.46,57.73,47.3222222222222,66.67,0,368.899142588326,348.060303420806,0.24570303801926,0.144509832775323,0.943551783006971,0.0564482169930287,0.983360465620522,0,0,0,0.0010670916641243,0,0.591691341399054,0.348527480188905,NA,NA,NA,NA,NA,NA,NA,NA
250105,2010,100,46.0266666666667,100,0.07,0.65,50,52.5655555555556,33.33,0,398.484178250423,393.896523854171,0.255261782517091,0.0825831270420144,0.954064271474309,0.0459357285256905,0.945817558847465,0,0,0,0.0138603944425482,0,0.558112172956184,0.455888948127439,71.3,2,23.6,25.44,84.01,9.33,0.594,0.772
250105,2011,100,34.3144444444444,100,0.16,0.71,48.11,58.6233333333333,37.5,42.86,516.817262011131,417.938287412492,0.285846828577127,0.30945056875368,0.922184942014653,0.0778150579853475,0.911296701028536,0.00391128500941539,0,0,0.00835122086521736,0,0.507524111230666,0.201325246047209,NA,NA,NA,NA,NA,NA,NA,NA
250105,2012,100,35.96,100,0.29,0.77,NA,NA,0,57.14,519.868352032735,468.266788090486,0.261609050772229,0.157294477076029,0.95088671763383,0.0491132823661701,0.842034048997269,0.126466777696521,0,0,0.0151541994680243,0,0.507426202421789,0.251489420696663,NA,NA,NA,NA,NA,NA,NA,NA
250106,1991,NA,NA,NA,NA,NA,NA,NA,NA,NA,NA,NA,NA,NA,NA,NA,NA,NA,NA,NA,NA,NA,NA,NA,59.19,4.51,70.83,92.41,62.9,5.41818181818182,0.286272727272727,0.57
250106,2000,NA,NA,NA,NA,NA,NA,NA,NA,NA,NA,NA,NA,NA,NA,NA,NA,NA,NA,NA,NA,NA,NA,NA,63.16,2.67,48.88,62.8,68.42,6.22,0.41,0.636
250106,2007,NA,NA,NA,NA,NA,NA,NA,NA,NA,384.599779394576,376.350399679465,0.246755911869998,0.070924897069381,0.959820328753702,0.0401796712462976,1,0,0,0,0,0,0.419016994885969,0.59254502524969,NA,NA,NA,NA,NA,NA,NA,NA
250106,2008,100,38.89,100,0.05,0.49,51.28,27.4718181818182,83.33,0,388.423804009085,369.427552783402,0.233567302568113,0.0704317067523468,0.97622270663785,0.0237772933621499,1,0,0,0,0,0,0.441702387015957,0.490961761129139,NA,NA,NA,NA,NA,NA,NA,NA
250106,2009,98.23,39.6463636363636,100,0.02,0.71,48.19,26.5127272727273,66.67,0,401.36865380975,353.437158181992,0.248235685628008,0.257463605147781,0.923536463781733,0.0764635362182665,1,0,0,0,0,0,0.449866189008179,0.216958704052061,NA,NA,NA,NA,NA,NA,NA,NA
250106,2010,100,34.7136363636364,100,0.03,0.85,45.56,39.2936363636364,50,0,371.567284637167,342.872271123157,0.203260788657603,0.0835536648446263,0.967948421149254,0.0320515788507464,1,0,0,0,0,0,0.561413392570022,0.237844614356104,70.23,2.05,26.7,28.78,82.24,8.31727272727273,0.592,0.754
250106,2011,100,35.8309090909091,100,0.28,0.8,41.3,51.4209090909091,25,0,466.930380850152,391.110906680473,0.2182983937636,0.162975533194124,0.950721952363542,0.0492780476364577,0.994491654497215,0,0,0,0,0,0.564518055117282,0.213790423402943,NA,NA,NA,NA,NA,NA,NA,NA
250106,2012,100,35.14,100,0.31,1.21,NA,NA,0,28.57,471.996645736947,399.077704888889,0.230578457860514,0.133448388904422,0.906155087446482,0.0938449125535179,0.966562804992656,0,0,0,0,0,0.534736643524296,0.265738956978604,NA,NA,NA,NA,NA,NA,NA,NA
250107,1991,NA,NA,NA,NA,NA,NA,NA,NA,NA,NA,NA,NA,NA,NA,NA,NA,NA,NA,NA,NA,NA,NA,NA,55.64,7.08,89.56,115.61,56.78,5.79090909090909,0.259454545454545,0.511
250107,2000,NA,NA,NA,NA,NA,NA,NA,NA,NA,NA,NA,NA,NA,NA,NA,NA,NA,NA,NA,NA,NA,NA,NA,61.35,4.05,55.93,71.56,65.27,6.66818181818182,0.381,0.606
250107,2007,NA,NA,NA,NA,NA,NA,NA,NA,NA,308.239983858955,288.652647438285,0.262431572740274,0.0780935115040384,0.951112311363233,0.0488876886367671,0.98948594229619,0,0,0,0.010244433162805,0,0.538038550299557,0.598796783236433,NA,NA,NA,NA,NA,NA,NA,NA
250107,2008,100,60.78,100,0.08,0.62,60.36,37.9081818181818,66.67,0,320.918058988771,312.610017997828,0.236537071919067,0.0810202021595471,0.972073088166739,0.0279269118332611,0.982717011697878,0.0135950638442363,0,0,0.00822283384712546,0,0.48933803377816,0.493506377048492,NA,NA,NA,NA,NA,NA,NA,NA
250107,2009,100,51.2472727272727,100,0.13,0.68,55.74,48.2672727272727,83.33,0,324.352492177715,318.054641476785,0.22676879888141,0.091952190802287,0.966976695883658,0.0330233041163419,0.969585567299947,0.00178059233585702,0,0,0,0,0.549950746281536,0.296501673506773,NA,NA,NA,NA,NA,NA,NA,NA
250107,2010,100,44.0972727272727,100,0.14,0.8,51.63,51.74,83.33,0,346.883064646032,335.215853960158,0.234859534798252,0.102629020593137,0.951336987329503,0.0486630126704967,0.952621922664547,0.00297537255415143,0,0,0,0,0.595535270257309,0.271151145681688,68.43,2.11,32.4,34.96,79.11,8.35272727272727,0.572,0.724
250107,2011,100,42.1036363636364,100,0.15,0.84,44.92,57.2754545454545,87.5,0,365.693795791504,356.998005174956,0.224232899447564,0.159764884996636,0.949029348312804,0.0509706516871962,0.958654980561864,0.0236847623183456,0,0,0,0,0.557142149441423,0.247313083646597,NA,NA,NA,NA,NA,NA,NA,NA
250107,2012,100,54.32,100,0.15,1.14,NA,NA,12.5,28.57,408.349565081677,369.822776616499,0.231368750204775,0.135497080512106,0.942380419235564,0.0576195807644357,0.893788088753455,0.0560206641260859,0,0,0,0,0.54641220021538,0.25300601926102,NA,NA,NA,NA,NA,NA,NA,NA
250208,1991,NA,NA,NA,NA,NA,NA,NA,NA,NA,NA,NA,NA,NA,NA,NA,NA,NA,NA,NA,NA,NA,NA,NA,60.16,4.49,66.18,86.57,64.59,7.655,0.331666666666667,0.586
250208,2000,NA,NA,NA,NA,NA,NA,NA,NA,NA,NA,NA,NA,NA,NA,NA,NA,NA,NA,NA,NA,NA,NA,NA,65.795,2.655,39.755,51.335,72.955,8.77833333333333,0.4855,0.68
250208,2007,NA,NA,NA,NA,NA,NA,NA,NA,NA,479.269493930756,422.764469558272,0.222530021856417,0.0126716279542709,0.994360194175413,0.00563980582458727,0.959659884494097,0,0,0,0.00692137008766669,0,0.462760587104267,0.488956458697071,NA,NA,NA,NA,NA,NA,NA,NA
250208,2008,100,40.7,100,0.355,1.05,68.57,67.3616666666667,16.67,0,417.633070092109,362.449729496184,0.229480599606962,0.139576016901214,0.912210070688869,0.0877899293111312,0.91048301716701,0.0356010190926685,0,0,0.00533798070226,0,0.507035553840877,0.240666671110567,NA,NA,NA,NA,NA,NA,NA,NA
250208,2009,100,39.3483333333333,100,0.1,1.175,58.99,67.5166666666667,66.67,0,387.615148086374,370.962091582065,0.218817426013825,0.120023846651044,0.96846380708246,0.03153619291754,0.945830644693835,0.00131340698757743,0,0,0.0049663879169597,0,0.603444978754484,0.10082575613184,NA,NA,NA,NA,NA,NA,NA,NA
250208,2010,100,40.4816666666667,100,0.13,1.06,55.44,71.3166666666667,50,0,398.143295961163,385.360983789488,0.230080500428998,0.0501365533222019,0.971484742193818,0.0285152578061825,0.894427839437568,0.00811174699344616,0,0.000156405938380534,0.029162233371769,0,0.648116764480644,0.423063061989453,71.375,1.865,23.4,25.225,84.135,10.345,0.629,0.773
250208,2011,100,30.055,100,0.215,1.435,50.76,70.2216666666667,31.25,14.285,436.313475043133,396.661746984148,0.215091376771154,0.0973956419807335,0.956563791232935,0.0434362087670653,0.918539136566039,0.0354552596336293,0,0,0.0177488375319256,0,0.552357337871081,0.437520849673706,NA,NA,NA,NA,NA,NA,NA,NA
250208,2012,100,29.725,100,0.23,1.755,NA,NA,12.5,35.715,495.784909008394,412.843560518878,0.236004733837161,0.158509549339845,0.874410510304703,0.125589489695297,0.800474012537186,0.104184530440572,0,0,0.00449244026285711,0,0.518222010352518,0.259133762443911,NA,NA,NA,NA,NA,NA,NA,NA
250209,1991,NA,NA,NA,NA,NA,NA,NA,NA,NA,NA,NA,NA,NA,NA,NA,NA,NA,NA,NA,NA,NA,NA,NA,57.24,4.07,80.83,104.85,59.51,7.61111111111111,0.273555555555556,0.537
250209,2000,NA,NA,NA,NA,NA,NA,NA,NA,NA,NA,NA,NA,NA,NA,NA,NA,NA,NA,NA,NA,NA,NA,NA,62.88,2.97,49.94,64.13,67.93,8.33111111111111,0.409,0.631
250209,2007,NA,NA,NA,NA,NA,NA,NA,NA,NA,398.749977815635,393.859146330006,0.237113996311751,0.0557204729036978,0.987734591203188,0.0122654087968122,0.876206947671652,0.0265242274244771,0,0,0,0,0.553040559032149,0.437263139256367,NA,NA,NA,NA,NA,NA,NA,NA
250209,2008,100,51.4,100,0.07,0.54,75.86,70.6333333333333,83.33,0,442.184903612897,437.942206610556,0.248277593840142,0.0948604086994621,0.979842270598391,0.0201577294016086,0.973284043501504,0.0217364920256894,0,0,0,0,0.529090041355525,0.457308970848012,NA,NA,NA,NA,NA,NA,NA,NA
250209,2009,100,45.2255555555556,100,0.07,0.56,72.81,76.1177777777778,83.33,0,419.563103338267,416.813668876696,0.238780737006277,0.0280573565916699,0.993446910751456,0.00655308924854375,1,0,0,0,0,0,0.572984646770669,0.378618057043398,NA,NA,NA,NA,NA,NA,NA,NA
250209,2010,100,43.0111111111111,100,0.2,0.63,64.31,80.7122222222222,66.67,0,426.363810174878,414.9158458656,0.22115473289061,0.0358410982626899,0.990809139822249,0.00919086017775134,0.978556870924829,0,0,0,0.00928542866328411,0,0.575860460890106,0.370802887206418,69.51,2.44,28.9,31.18,81,9.70888888888889,0.574,0.742
250209,2011,100,40.4544444444444,100,0.18,0.95,57.78,76.52,62.5,42.86,438.251881505305,420.810777438728,0.230612056297251,0.0680756354063464,0.960203013831522,0.0397969861684783,0.959137403569337,0.00218303735176321,0,0,0.00197752939703777,0,0.553576268634908,0.293584594498555,NA,NA,NA,NA,NA,NA,NA,NA
250209,2012,100,34.11,100,0.42,1.21,NA,NA,25,42.86,478.456435259192,460.474160714286,0.23557807452197,0.0799102175218687,0.945856774434675,0.0541432255653245,0.665497139253909,0.0865099883801596,0,0,0.0010939899918272,0,0.54648726823102,0.256285396520278,NA,NA,NA,NA,NA,NA,NA,NA
250210,1991,NA,NA,NA,NA,NA,NA,NA,NA,NA,NA,NA,NA,NA,NA,NA,NA,NA,NA,NA,NA,NA,NA,NA,56.68,4.15,83.83,108.56,58.55,8.70823529411765,0.296529411764706,0.528
250210,2000,NA,NA,NA,NA,NA,NA,NA,NA,NA,NA,NA,NA,NA,NA,NA,NA,NA,NA,NA,NA,NA,NA,NA,63.24,2.87,48.6,62.45,68.55,9.50058823529412,0.434,0.637
250210,2007,NA,NA,NA,NA,NA,NA,NA,NA,NA,437.748197478046,380.263833191815,0.227237162299345,0.0373639222969144,0.986188235656644,0.0138117643433557,0.298566593948528,0.050779823017042,0,0.00286383189416627,0,0,0.463950136953496,0.576203954842676,NA,NA,NA,NA,NA,NA,NA,NA
250210,2008,100,43.56,100,0.29,0.91,48.44,44.8076470588235,50,0,416.943752507636,385.707132775186,0.23745757877592,0.164488432962037,0.925081933607154,0.0749180663928464,0.324556764436477,0.297414000721805,0,0.00175639621420878,0,0,0.41314740017288,0.553991690113985,NA,NA,NA,NA,NA,NA,NA,NA
250210,2009,100,38.8294117647059,100,0.6,0.91,44.84,48.9776470588235,66.67,0,432.191124847148,408.843288092238,0.232922906030486,0.124200080222508,0.955482423882505,0.0445175761174953,0.315385379115618,0.0474317305702901,0,0,0,0,0.472130703573002,0.393840715660379,NA,NA,NA,NA,NA,NA,NA,NA
250210,2010,100,36.9564705882353,100,0.25,0.96,45.19,55.0935294117647,66.67,0,485.0682914402,468.245532048945,0.219075860736012,0.07517305821099,0.965318781523923,0.034681218476077,0.647248854469108,0.171275918088503,0,0,0.0104463127120389,0,0.515755573389025,0.394159352517599,70.45,2.12,26,28.08,82.61,10.8088235294118,0.606,0.758
250210,2011,100,32.0352941176471,100,0.57,1.13,41.86,63.8629411764706,50,14.29,508.032980248582,491.50466164945,0.228459928845634,0.0991308198144695,0.939648995441348,0.0603510045586517,0.631597348794571,0.0934816981121862,0,0,0.0124492728033607,0,0.507400461422212,0.334625775888451,NA,NA,NA,NA,NA,NA,NA,NA
250210,2012,100,36.67,100,0.43,1.47,NA,NA,0,14.29,565.12363111413,480.639512059884,0.228201731495229,0.11109534828348,0.935685261257702,0.0643147387422983,0.652078707582512,0.119177835787145,0,0,0.00905647828106967,0,0.501774499565053,0.370659748616851,NA,NA,NA,NA,NA,NA,NA,NA
250211,1991,NA,NA,NA,NA,NA,NA,NA,NA,NA,NA,NA,NA,NA,NA,NA,NA,NA,NA,NA,NA,NA,NA,NA,57.18,4.54,81.15,105.24,59.41,8.5775,0.30475,0.536
250211,2000,NA,NA,NA,NA,NA,NA,NA,NA,NA,NA,NA,NA,NA,NA,NA,NA,NA,NA,NA,NA,NA,NA,NA,63.05,3.05,49.33,63.355,68.215,9.17583333333333,0.4445,0.6345
250211,2007,NA,NA,NA,NA,NA,NA,NA,NA,NA,395.139432752812,370.293628911833,0.22344731992906,0.117145268457241,0.951369513842645,0.0486304861573555,0.385592548795322,0.556635070048028,0,0.00125227542479307,0.00242583788059938,0,0.529170328091655,0.644295264214413,NA,NA,NA,NA,NA,NA,NA,NA
250211,2008,100,41.275,100,0.335,0.825,63.64,59.015,66.67,0,409.526953267155,379.115559471833,0.224861505903574,0.151962141538927,0.944558896015429,0.0554411039845714,0.200012213595761,0.668390814241384,0,0.00822785559073663,0.00159331535368166,0,0.496966876888022,0.573981782700357,NA,NA,NA,NA,NA,NA,NA,NA
250211,2009,100,27.79,100,0.36,1.005,56.875,62.7575,66.67,0,412.825500670036,407.443445429063,0.211727760692972,0.0540843346322352,0.984278104418656,0.0157218955813433,0.250695408653265,0.648866401979214,0,0.00202505897083152,0,0,0.5884390302786,0.627764286570318,NA,NA,NA,NA,NA,NA,NA,NA
250211,2010,100,31.2183333333333,100,0.32,0.795,53.3,64.625,66.67,7.145,444.498430515725,427.567053640341,0.217265941181631,0.10768143263049,0.961156181419794,0.0388438185802052,0.484172531943255,0.00609494006955797,0,0,0.0022602107438168,0,0.60771430640216,0.571888074375465,70.665,2.095,25.4,27.405,82.96,10.5041666666667,0.597,0.761
250211,2011,100,28.575,100,0.31,1.43,52.6,64.3125,37.5,14.29,475.224808208994,461.947796710435,0.216913653234589,0.134389895900055,0.945183836461687,0.0548161635383134,0.440128257316775,0.0811081602019575,0,0,0.000223450951983352,0,0.547569710477803,0.501947842767925,NA,NA,NA,NA,NA,NA,NA,NA
250211,2012,100,26.41,100,0.5,1.805,NA,NA,37.5,21.43,507.95322287495,468.724171355251,0.220011126986831,0.0648287483620354,0.962047163215172,0.0379528367848281,0.470182956319305,0.0469962953683975,0,0.000543566614763515,0,0,0.569012249475535,0.328704530369646,NA,NA,NA,NA,NA,NA,NA,NA
250312,1991,NA,NA,NA,NA,NA,NA,NA,NA,NA,NA,NA,NA,NA,NA,NA,NA,NA,NA,NA,NA,NA,NA,NA,55.01,3.88,93.18,120.03,55.71,7.89090909090909,0.273363636363636,0.5
250312,2000,NA,NA,NA,NA,NA,NA,NA,NA,NA,NA,NA,NA,NA,NA,NA,NA,NA,NA,NA,NA,NA,NA,NA,62.92,2.74,49.8,63.94,67.99,8.87545454545455,0.423,0.632
250312,2007,NA,NA,NA,NA,NA,NA,NA,NA,NA,314.129878058945,299.631751829161,0.232142071566059,0.174398098270903,0.977408257944238,0.0225917420557621,0.91180585888435,0.00250968544079525,0,0,0.0115682662771598,0,0.452033690176258,0.552936648923711,NA,NA,NA,NA,NA,NA,NA,NA
250312,2008,100,39.23,100,0.12,0.81,68.39,53.8227272727273,66.67,0,342.799787448389,340.871199348436,0.240216030692317,0.145715584332161,0.961820140856915,0.0381798591430853,0.905175622231955,0.0349476035599923,0,0,0.0103329783537985,0,0.502581909603272,0.566461232783427,NA,NA,NA,NA,NA,NA,NA,NA
250312,2009,100,35.6563636363636,100,0.16,0.87,70,55.7363636363636,83.33,0,382.268718101979,367.399295295111,0.212446769546181,0.0713394958352752,0.990533919460911,0.00946608053908934,0.915938236592676,0.0249030768531996,0,0,0.0097336686551216,0,0.588575157120724,0.316235744504104,NA,NA,NA,NA,NA,NA,NA,NA
250312,2010,100,36.3818181818182,100,0.22,0.94,62,69.1272727272727,66.67,14.29,436.910994388133,425.761422615539,0.210725679901941,0.0728999781436033,0.974480908203721,0.0255190917962793,0.570062404512374,0.0618191642265414,0,0,0.0108162302332625,0,0.610141194119573,0.408261855267816,70.96,2.35,24.5,26.46,83.47,10.3209090909091,0.591,0.766
250312,2011,100,33.7109090909091,100,0.16,1.23,64.04,59.3363636363636,62.5,57.14,441.014276534007,438.766737835454,0.232693132112959,0.0974636539892007,0.966868159694294,0.0331318403057061,0.436528888033846,0.0338933400976202,0,0,0.0148425950857557,0,0.572826525609732,0.307158692231042,NA,NA,NA,NA,NA,NA,NA,NA
250312,2012,100,31.06,100,0.29,1.52,NA,NA,50,57.14,500.048574287144,479.52569222792,0.232173307244718,0.0983408032119046,0.968823799047541,0.0311762009524593,0.492039060077446,0.0428307683147601,0,0,0.0138310848295373,0,0.583700960555513,0.30969512014322,NA,NA,NA,NA,NA,NA,NA,NA
250313,1991,NA,NA,NA,NA,NA,NA,NA,NA,NA,NA,NA,NA,NA,NA,NA,NA,NA,NA,NA,NA,NA,NA,NA,57.18,4.73,81.15,105.24,59.41,8,0.246,0.536
250313,2000,NA,NA,NA,NA,NA,NA,NA,NA,NA,NA,NA,NA,NA,NA,NA,NA,NA,NA,NA,NA,NA,NA,NA,62.12,3.66,52.88,67.78,66.6,8.66142857142857,0.372,0.619
250313,2007,NA,NA,NA,NA,NA,NA,NA,NA,NA,257.742596275305,255.569935875929,0.218765951240969,0.0231331449038318,0.991092013053607,0.00890798694639256,0.633142346095503,0.351943494192306,0,0,0.0142224776395514,0,0.569227848322387,0.644737709964982,NA,NA,NA,NA,NA,NA,NA,NA
250313,2008,100,47.56,98.3,0.1,0.86,65.92,49.5171428571429,83.33,0,268.95286602517,257.910864640621,0.229750102806211,0.0629841923717243,0.965900501330457,0.0340994986695429,0.636746153673839,0.347786388045044,0,0.000153703538105722,0.0153137547430109,0,0.552932089510792,0.639107539536893,NA,NA,NA,NA,NA,NA,NA,NA
250313,2009,100,44.9271428571429,100,0.14,0.65,67.9,53.9728571428571,83.33,0,310.788184631743,303.823157177811,0.210425023814626,0.0824121878009107,0.960366827491778,0.0396331725082218,0.659075983070956,0.325576158936495,0,0,0.0149772043429538,0,0.55109009148007,0.625859602108198,NA,NA,NA,NA,NA,NA,NA,NA
250313,2010,100,47.9614285714286,100,0.13,0.83,60.83,61.5914285714286,83.33,0,319.195910707419,310.920389931684,0.228274743240795,0.0744217290938499,0.97407385089178,0.0259261491082205,0.694317545659575,0.304462644056631,0,0,0.0125063417608583,0,0.614464178065967,0.377457948031935,70.45,2.3,26,28.08,82.61,10.2285714285714,0.564,0.758
250313,2011,100,46.0542857142857,100,0.24,1,55.56,61.5414285714286,50,28.57,358.007009385318,344.47269404321,0.216646251085433,0.117707437375062,0.96219539006975,0.0378046099302495,0.896514074929492,0.0892596795477402,0,0.000516910041132693,0.0134222043333906,0,0.583580142157923,0.386778054530395,NA,NA,NA,NA,NA,NA,NA,NA
250313,2012,100,50.18,100,0.28,1.33,NA,NA,12.5,42.86,367.403783383353,357.384024617255,0.217395896202142,0.073633322938234,0.955785832916787,0.0442141670832126,0.76505440196599,0.202251805363041,0,0,0.0158036911187676,0,0.618234218566083,0.409913262735814,NA,NA,NA,NA,NA,NA,NA,NA
250314,1991,NA,NA,NA,NA,NA,NA,NA,NA,NA,NA,NA,NA,NA,NA,NA,NA,NA,NA,NA,NA,NA,NA,NA,56.665,4.1,83.97,108.725,58.535,7.6125,0.30775,0.528
250314,2000,NA,NA,NA,NA,NA,NA,NA,NA,NA,NA,NA,NA,NA,NA,NA,NA,NA,NA,NA,NA,NA,NA,NA,64.27,3.15,44.85,57.755,70.34,8.7475,0.4485,0.6545
250314,2007,NA,NA,NA,NA,NA,NA,NA,NA,NA,357.344745748419,335.756875443446,0.241303846122382,0.101969278175533,0.971621574505265,0.0283784254947356,0.936867333275543,0,0.00738798952404435,0.00134653973249417,0.0132903983996295,0,0.533846314416704,0.0891298190028985,NA,NA,NA,NA,NA,NA,NA,NA
250314,2008,100,39.895,100,0.26,0.795,62.185,61.9275,66.67,0,349.092378948161,327.651825504364,0.229683536811459,0.10507415440185,0.95767742097461,0.0423225790253906,0.970233364025276,0,0.0114158214661341,0,0.0131864714286395,0,0.608389045213708,0.163969244411178,NA,NA,NA,NA,NA,NA,NA,NA
250314,2009,100,38.2825,100,0.18,1.01,63.285,68.47,50,0,351.139693448616,348.693969798822,0.23184345245959,0.0514878816029463,0.99309106234419,0.00690893765581052,0.954125118284605,0,0.0173368152628972,0,0.00406684624475605,0,0.646579284000077,0.130745614128145,NA,NA,NA,NA,NA,NA,NA,NA
250314,2010,100,40.605,100,0.355,1,60.135,74.205,50,7.145,348.602016866696,344.582300701202,0.20042538189227,0.0436809132441544,0.98804719771567,0.0119528022843301,0.953356142530496,0,0.010288420651161,0.000373988735640559,0.0131655157134645,0,0.64605309114418,0.363260459940507,71.395,2.02,23.3,25.17,84.165,10.2325,0.601,0.773
250314,2011,100,39.51,100,0.255,1.365,57.235,71.7325,43.75,50,369.500279262126,349.928795360271,0.200790636897498,0.0872196301539115,0.963285533285902,0.0367144667140976,0.949288649393532,0.00401976782780713,0.00708507086927815,0.000335852429177021,0.00848856196775285,0,0.654351727110009,0.169541995738984,NA,NA,NA,NA,NA,NA,NA,NA
250314,2012,100,32.49,100,0.415,1.805,NA,NA,37.5,57.14,434.698058002743,402.880711137567,0.215468548653913,0.108862356368666,0.952112740102281,0.0478872598977187,0.9591260067686,0.00119936675155499,0.00876863118343865,0.00015739285263737,0.00899043580914528,0,0.609050632267425,0.137860921145608,NA,NA,NA,NA,NA,NA,NA,NA
250315,1991,NA,NA,NA,NA,NA,NA,NA,NA,NA,NA,NA,NA,NA,NA,NA,NA,NA,NA,NA,NA,NA,NA,NA,57.975,5.36,77.35,100.47,60.81,7.80125,0.285,0.5495
250315,2000,NA,NA,NA,NA,NA,NA,NA,NA,NA,NA,NA,NA,NA,NA,NA,NA,NA,NA,NA,NA,NA,NA,NA,63.56,3.205,47.4,60.95,69.11,8.82,0.399,0.643
250315,2007,NA,NA,NA,NA,NA,NA,NA,NA,NA,294.188619823344,281.143735823413,0.254211478121232,0.107019073231855,0.967971878502421,0.0320281214975792,0.533148883800291,0.286427526572066,0,0,0.0157548035637264,0,0.594714480013698,0.470279999718269,NA,NA,NA,NA,NA,NA,NA,NA
250315,2008,100,47.875,100,0.155,0.875,68.67,46.5275,41.665,0,310.096804887656,301.389508320058,0.23627055960476,0.0569191785932204,0.976794821387783,0.0232051786122166,0.599927533569675,0.322575334782801,0,8.5190522305508e-05,0.0155323789625538,0,0.60455654113924,0.285882658508482,NA,NA,NA,NA,NA,NA,NA,NA
250315,2009,100,43.17875,100,0.23,0.85,68.475,53.14625,75,0,320.821492960887,314.663847093967,0.251259852562979,0.0848826211438901,0.975344647963575,0.024655352036425,0.537626378278113,0.343894270207056,0,0,0.0151389662916961,0,0.631924831546384,0.198370243588593,NA,NA,NA,NA,NA,NA,NA,NA
250315,2010,100,43.01875,100,0.16,0.965,60.82,58.71875,58.335,0,343.12998567662,329.155450307974,0.249742651351709,0.0808978661805239,0.982383525508158,0.0176164744918419,0.664834086106953,0.273023779438268,0,0,0.0138021229169824,0,0.657526461415726,0.294961033943187,70.66,2.28,25.4,27.415,82.955,9.7475,0.564,0.761
250315,2011,100,40.97125,100,0.275,1.125,62.625,60.7325,43.75,21.43,362.819183078199,355.887132709831,0.245638967039048,0.0583391551395687,0.980916302600775,0.0190836973992244,0.684264532422758,0.267517928482798,0,0,0.0114950757228032,0,0.634016986117503,0.311016958322442,NA,NA,NA,NA,NA,NA,NA,NA
250315,2012,100,35.91,100,0.315,1.525,NA,NA,43.75,28.575,380.662985137962,357.985278481842,0.24975958859248,0.112973614802829,0.945824833469032,0.0541751665309684,0.638308878740697,0.26095049673572,0,0,0.0101605883871957,0,0.636463466127771,0.303905500219669,NA,NA,NA,NA,NA,NA,NA,NA
250316,1991,NA,NA,NA,NA,NA,NA,NA,NA,NA,NA,NA,NA,NA,NA,NA,NA,NA,NA,NA,NA,NA,NA,NA,57.18,4.22,81.15,105.24,59.41,8.95357142857143,0.286142857142857,0.536
250316,2000,NA,NA,NA,NA,NA,NA,NA,NA,NA,NA,NA,NA,NA,NA,NA,NA,NA,NA,NA,NA,NA,NA,NA,63.935,2.985,46.07,59.28,69.75,9.48357142857143,0.421,0.649
250316,2007,NA,NA,NA,NA,NA,NA,NA,NA,NA,315.261839933093,298.358541205769,0.227986302003696,0.0500458430090197,0.969911499750002,0.0300885002499983,0.686936455054241,0.0083241912318941,0,0,0.0153480893803126,0,0.596264145206963,0.629562761760583,NA,NA,NA,NA,NA,NA,NA,NA
250316,2008,100,37.585,100,0.115,1.62,58.435,54.2671428571429,75,0,300.845016632784,286.471393659123,0.225760103188458,0.0734278740671711,0.966048251969305,0.0339517480306943,0.917450863928832,0.0170885995257209,0,0,0.0136911762487877,0,0.592403373955198,0.565314711195641,NA,NA,NA,NA,NA,NA,NA,NA
250316,2009,100,39.0407142857143,100,0.22,1.605,53.82,62.0292857142857,83.33,0,308.40224109287,299.464739283991,0.213595769375511,0.0977384692736987,0.974335018567601,0.0256649814323996,0.936984226432386,0.0355257448930372,0,0.000153142638117124,0.0171769965874937,0,0.627836254968215,0.464741246501906,NA,NA,NA,NA,NA,NA,NA,NA
250316,2010,100,44.6942857142857,100,0.25,1.795,51.325,61.9421428571429,66.67,0,335.547344190041,322.117624393815,0.213581862749506,0.0697917559448462,0.972650587874669,0.0273494121253308,0.948174437244612,0.00160880551823955,0,2.07060558021838e-05,0.0111800838232236,0,0.64096536540305,0.299556335553276,71.43,2.14,23.2,25.045,84.23,10.7092857142857,0.592,0.774
250316,2011,100,35.73,100,0.89,1.59,47.53,68.3635714285714,6.25,57.14,358.286115932714,346.06396995196,0.217007410955828,0.137526275017653,0.950536648528584,0.0494633514714154,0.961877694682025,0.0177761086015173,0,0,0.00618238255666575,0,0.62534139858622,0.258716895420752,NA,NA,NA,NA,NA,NA,NA,NA
250316,2012,100,30.31,100,0.815,2.405,NA,NA,62.5,57.14,393.884115315238,369.804425730958,0.219563518731232,0.0878141408805711,0.966384149817665,0.0336158501823354,0.9430719537473,0.00178236354096686,0,0.00125266810506734,0.0101039929249925,0,0.640698336826169,0.240776222527728,NA,NA,NA,NA,NA,NA,NA,NA
250317,1991,NA,NA,NA,NA,NA,NA,NA,NA,NA,NA,NA,NA,NA,NA,NA,NA,NA,NA,NA,NA,NA,NA,NA,58.7,3.795,73.23,95.405,62.06,8.05,0.326875,0.5615
250317,2000,NA,NA,NA,NA,NA,NA,NA,NA,NA,NA,NA,NA,NA,NA,NA,NA,NA,NA,NA,NA,NA,NA,NA,63.615,2.85,47.25,60.755,69.195,8.67875,0.4335,0.6435
250317,2007,NA,NA,NA,NA,NA,NA,NA,NA,NA,252.179163369336,244.289814990747,0.233890134147941,0.144397392502527,0.960487760927162,0.0395122390728377,0.41691944126954,0.448857372608074,0,0,0,0,0.572383143688467,0.675178573296518,NA,NA,NA,NA,NA,NA,NA,NA
250317,2008,100,40.78,100,0.355,0.635,61.99,44.88625,50,0,250.357634635981,241.824785147253,0.226959476665379,0.0588370932544933,0.980920774467142,0.0190792255328578,0.410887994182414,0.500174303534807,0,0,0.00295504340153608,0,0.595903007415872,0.61943492816123,NA,NA,NA,NA,NA,NA,NA,NA
250317,2009,100,36.5525,100,0.315,0.79,66.67,58.97125,66.67,0,267.838190725688,258.944525911751,0.227561852036825,0.107297683710504,0.968558371528355,0.0314416284716448,0.423176061686508,0.474685606632046,0,0,0.00353351022995393,0,0.608873606123923,0.565183251553514,NA,NA,NA,NA,NA,NA,NA,NA
250317,2010,100,33.88125,100,0.31,1.02,61.84,62.32125,66.67,0,300.752370751033,287.354002190624,0.237637157005911,0.0825875362340533,0.967956569717062,0.032043430282938,0.409907609641664,0.539833589065168,0,0,0.00371297510439004,0,0.59170560969549,0.402830985829189,71.225,2.07,23.8,25.66,83.895,9.54125,0.6125,0.7705
250317,2011,100,30.31625,100,0.405,0.935,59.835,56.00625,56.25,78.57,306.496238817535,295.778137735287,0.225896322685299,0.115690985379434,0.957975362712928,0.0420246372870716,0.417109895819128,0.53282295115076,0.0170659978953352,0,0.00988301348070631,0,0.566022673760291,0.353510708590797,NA,NA,NA,NA,NA,NA,NA,NA
250317,2012,100,32.525,100,0.56,1.215,NA,NA,43.75,85.71,352.482125929474,330.892768298326,0.2419465820373,0.111322094829688,0.957487975559008,0.0425120244409923,0.41085661023703,0.463316126507579,0.0207131401859681,0,0.00917373118787164,0,0.567756814542619,0.296294939351748,NA,NA,NA,NA,NA,NA,NA,NA
250318,1991,NA,NA,NA,NA,NA,NA,NA,NA,NA,NA,NA,NA,NA,NA,NA,NA,NA,NA,NA,NA,NA,NA,NA,55.44,3.99,90.72,117.02,56.44,7.96888888888889,0.271888888888889,0.507
250318,2000,NA,NA,NA,NA,NA,NA,NA,NA,NA,NA,NA,NA,NA,NA,NA,NA,NA,NA,NA,NA,NA,NA,NA,61.33,3.37,55.99,71.63,65.24,8.73777777777778,0.394,0.606
250318,2007,NA,NA,NA,NA,NA,NA,NA,NA,NA,273.746405499639,266.098951033006,0.233207686803664,0.0791841884816109,0.973786280508247,0.0262137194917534,0.56319640261705,0.0793028446167337,0,0,0.0194295804277384,0,0.544374142930425,0.623540069266706,NA,NA,NA,NA,NA,NA,NA,NA
250318,2008,100,51.45,100,0.15,0.76,66.67,46.0711111111111,83.33,0,299.070038908234,274.650936097985,0.237840290724934,0.160807414990853,0.933939448421591,0.0660605515784092,0.770333292170187,0.0513372904342844,0,0,0.015057359209398,0,0.485091414679576,0.606924332540697,NA,NA,NA,NA,NA,NA,NA,NA
250318,2009,100,45.5833333333333,100,0.15,0.97,64.55,49.0633333333333,66.67,0,308.455973396414,300.6327372654,0.240412336976202,0.103303602844692,0.974637430279362,0.0253625697206378,0.897389117805076,0.0749675045364944,0,0,0.0116153629967728,0,0.547691979777844,0.606204851615379,NA,NA,NA,NA,NA,NA,NA,NA
250318,2010,100,52.8611111111111,100,0.34,1.13,57.5,54.8022222222222,16.67,0,323.433476271415,316.16907819486,0.229787333013936,0.0576014913951118,0.979889347562229,0.0201106524377714,0.941856892753363,0,0,0,0.0124038328474354,0,0.563751339439661,0.602076121217317,68.94,2.22,30.7,33.12,80.02,10.1544444444444,0.568,0.732
250318,2011,100,47.3555555555556,100,0.53,1.4,56.83,53.6311111111111,37.5,57.14,362.9397478075,344.156223379266,0.229810943251394,0.144002927698678,0.960709434797447,0.0392905652025533,0.927524771235522,0,0,0,0,0,0.544315445164864,0.509986694258123,NA,NA,NA,NA,NA,NA,NA,NA
250318,2012,100,30.77,100,0.63,1.82,NA,NA,0,57.14,372.455602649007,363.896066152627,0.230312692468239,0.0979206624503176,0.954066100833094,0.0459338991669061,0.957878490893649,0,0,0,8.99324336132552e-05,0,0.536937914744088,0.416777887792533,NA,NA,NA,NA,NA,NA,NA,NA
250319,1991,NA,NA,NA,NA,NA,NA,NA,NA,NA,NA,NA,NA,NA,NA,NA,NA,NA,NA,NA,NA,NA,NA,NA,55.02,6.2,93.13,119.97,55.73,7.36,0.232,0.5
250319,2000,NA,NA,NA,NA,NA,NA,NA,NA,NA,NA,NA,NA,NA,NA,NA,NA,NA,NA,NA,NA,NA,NA,NA,61.35,3.92,55.93,71.56,65.27,8.316,0.378,0.606
250319,2007,NA,NA,NA,NA,NA,NA,NA,NA,NA,265.507096005715,260.122388091139,0.228529676895108,0.0488689618181637,0.97971915630285,0.0202808436971495,0.459035626504082,0.433158199985594,0,0.000156710683498152,0,0,0.57575327614342,0.766192635770097,NA,NA,NA,NA,NA,NA,NA,NA
250319,2008,100,40.2,92.05,0.15,0.85,72.94,41.26,66.67,0,282.537801836801,264.29737042098,0.249102190317319,0.21069552272534,0.963850990190601,0.0361490098093991,0.491021562121536,0.483593392654125,0,0.00403538987520666,0,0,0.554452451946648,0.704512308173866,NA,NA,NA,NA,NA,NA,NA,NA
250319,2009,100,34.142,100,0.16,0.93,72.09,53.194,66.67,0,293.695575747101,292.70053201428,0.235445175961571,0.0446328910583885,0.982060469916638,0.0179395300833618,0.505502222114122,0.399069104466638,0,0,0,0,0.609376594437718,0.683312421113271,NA,NA,NA,NA,NA,NA,NA,NA
250319,2010,100,28.682,100,0.18,0.96,61.17,55.054,66.67,0,333.837434985712,302.467828222322,0.263897392430951,0.149183611412521,0.937301700501401,0.0626982994985993,0.469518290671993,0.245459254287007,0,0,0,0,0.620416289365943,0.622083358006305,67.69,2.11,35,37.72,77.78,9.754,0.541,0.712
250319,2011,100,27.038,100,0.24,0.85,66.46,61.888,12.5,42.86,360.509307916326,339.425555635936,0.214923712041534,0.1002947489894,0.945594225095871,0.0544057749041293,0.434017410867037,0.264506797748039,0,0,0,0,0.589485173672552,0.450922896174852,NA,NA,NA,NA,NA,NA,NA,NA
250319,2012,100,27.97,100,0.35,0.87,NA,NA,12.5,28.57,381.497169682818,365.614011884729,0.250551805752383,0.0725794961876814,0.946843976466469,0.0531560235335308,0.329407068668379,0.526985265083801,0,0,0,0,0.578516501512142,0.404301638887402,NA,NA,NA,NA,NA,NA,NA,NA
250420,1991,NA,NA,NA,NA,NA,NA,NA,NA,NA,NA,NA,NA,NA,NA,NA,NA,NA,NA,NA,NA,NA,NA,NA,54.13,5.4,98.34,126.3,54.24,6.86090909090909,0.248909090909091,0.486
250420,2000,NA,NA,NA,NA,NA,NA,NA,NA,NA,NA,NA,NA,NA,NA,NA,NA,NA,NA,NA,NA,NA,NA,NA,61.26,3.41,56.31,72.03,65.11,7.40272727272727,0.367,0.604
250420,2007,NA,NA,NA,NA,NA,NA,NA,NA,NA,282.38263753276,280.339878671472,0.218349812039727,0.0893425063334447,0.963068152392172,0.0369318476078277,0.980943980922228,0,0,0,0.00967078204040952,0,0.65923119897568,0.571131598818579,NA,NA,NA,NA,NA,NA,NA,NA
250420,2008,100,46,100,0.14,0.79,67.71,48.7863636363636,83.33,0,280.487918231147,269.720839117823,0.223240315765063,0.0216560691414504,0.990238627590755,0.00976137240924449,0.983819417142503,0.00363665885557753,0,0,0.00945757875459939,0,0.624672096646209,0.49424883675089,NA,NA,NA,NA,NA,NA,NA,NA
250420,2009,100,38.4381818181818,100,0.21,0.79,62.86,50.2054545454545,83.33,0,317.795977801628,298.33939355418,0.230163249865403,0.143407809254049,0.959285526068953,0.0407144739310467,0.972743651327446,0.0196568704159187,0,0,0.00441023876714214,0,0.646512165622849,0.445107602822882,NA,NA,NA,NA,NA,NA,NA,NA
250420,2010,100,42.2909090909091,100,0.28,0.96,59.41,52.4536363636364,50,0,350.334747561365,350.100931975192,0.209567534938475,0.0473592610695931,0.985453840356917,0.0145461596430826,0.987393403198607,0,0,0,0.00572458424991319,0,0.690094061846024,0.478382036838948,68.69,2.39,31.5,34.02,79.57,8.27909090909091,0.542,0.728
250420,2011,100,36.0345454545455,100,0.79,1.3,56.87,51.9909090909091,75,0,380.512549840673,351.542086844297,0.223572697496056,0.106098244100548,0.968302197921911,0.0316978020780895,0.974801309417009,0,0,0,0.00632432118789676,0,0.678014926893142,0.44905755639944,NA,NA,NA,NA,NA,NA,NA,NA
250420,2012,100,25.64,100,0.67,1.66,NA,NA,37.5,0,338.747558169266,323.953744769875,0.203532488324968,0.101882655386393,0.962331084052363,0.0376689159476376,0.986111270694981,0,0,0,0.00436625107393682,0,0.671563173668462,0.404444341361731,NA,NA,NA,NA,NA,NA,NA,NA
250421,1991,NA,NA,NA,NA,NA,NA,NA,NA,NA,NA,NA,NA,NA,NA,NA,NA,NA,NA,NA,NA,NA,NA,NA,55.01,4.97,93.18,120.03,55.71,7.06888888888889,0.254777777777778,0.5
250421,2000,NA,NA,NA,NA,NA,NA,NA,NA,NA,NA,NA,NA,NA,NA,NA,NA,NA,NA,NA,NA,NA,NA,NA,62.39,3.16,51.81,66.45,67.08,7.77222222222222,0.394,0.623
250421,2007,NA,NA,NA,NA,NA,NA,NA,NA,NA,310.306352610781,282.103258667159,0.225335671239017,0.142082938285745,0.961331631594948,0.038668368405052,0.927694399147173,0,0,0,0.000680926793778806,0,0.542732988991357,0.632980579819687,NA,NA,NA,NA,NA,NA,NA,NA
250421,2008,100,50.56,100,0.14,1.13,59.42,43.9566666666667,83.33,0,266.970828234089,253.95905742612,0.206885241688061,0.0548486191506888,0.980881488413443,0.0191185115865565,0.967151649377106,0,0,0,0.000143905684755158,0,0.511775910343374,0.467907073185333,NA,NA,NA,NA,NA,NA,NA,NA
250421,2009,100,47.5788888888889,100,0.23,1.16,53.15,45.2577777777778,66.67,0,293.22431171671,290.218759945075,0.200768907687066,0.0379882423533115,0.9866010853173,0.0133989146826995,0.968739927809867,0,0,0,0.00226811646988701,0,0.605002921284191,0.504909343205646,NA,NA,NA,NA,NA,NA,NA,NA
250421,2010,100,45.6544444444444,100,0.33,1.36,55.19,45.1955555555556,66.67,0,313.187528372956,302.468909508057,0.211948913476316,0.0818751724168637,0.965775716164105,0.034224283835895,0.865924163954608,0,0,0,0.000338458072737658,0,0.631535122738132,0.264909607547671,69.26,2.25,29.7,32.01,80.58,8.86333333333333,0.552,0.738
250421,2011,100,41.6588888888889,100,0.99,1.46,56.1,50.0911111111111,75,57.14,342.482094972781,319.064316269163,0.21375888292921,0.162461363443066,0.942307702822232,0.0576922971777682,0.949887773917851,0,0,0.000983201138431316,0.00191286685037747,0,0.576884643016244,0.132072292046074,NA,NA,NA,NA,NA,NA,NA,NA
250421,2012,100,35.93,100,0.71,1.97,NA,NA,37.5,57.14,385.015288614298,343.661820592134,0.21717592599466,0.0835719863126382,0.961946248165701,0.0380537518342991,0.947738796448549,0,0,0,0.00686903638094889,0,0.596274225039085,0.0857690721798859,NA,NA,NA,NA,NA,NA,NA,NA
250422,1991,NA,NA,NA,NA,NA,NA,NA,NA,NA,NA,NA,NA,NA,NA,NA,NA,NA,NA,NA,NA,NA,NA,NA,62.375,3.37,56.38,74.145,68.465,4.56833333333333,0.389833333333333,0.623
250422,2000,NA,NA,NA,NA,NA,NA,NA,NA,NA,NA,NA,NA,NA,NA,NA,NA,NA,NA,NA,NA,NA,NA,NA,67.04,2.77,38.16,48.905,75.105,4.96666666666667,0.4885,0.701
250422,2007,NA,NA,NA,NA,NA,NA,NA,NA,NA,296.67330914271,282.506551779992,0.24979489322006,0.125292655316981,0.947902285729212,0.0520977142707885,0.41959980880115,0.145184968819055,0.00380822240244114,0.00221948276024981,0.0292360370338171,0.131899155129151,0.60643444241482,0.294758591702845,NA,NA,NA,NA,NA,NA,NA,NA
250422,2008,99.095,37.93,100,0.195,1.485,53.505,45.5583333333333,58.335,14.29,326.298830789964,317.41888122071,0.236405498199261,0.070394677012619,0.968025325979408,0.0319746740205919,0.309971342847285,0.217384598503247,0.00740136388877079,0.000710565733418691,0.0241456946100388,0.187895284943565,0.597388746841995,0.31370759283959,NA,NA,NA,NA,NA,NA,NA,NA
250422,2009,100,36.31,100,0.27,1.525,49.355,47.3116666666667,75,14.29,323.734008362615,318.575522765359,0.245804803439083,0.0708645705554296,0.978899477301886,0.0211005226981145,0.308904876723383,0.243211535766102,0.0100172298159906,0.00160811977238097,0.0213330433654208,0.149428662278346,0.667792579092434,0.371568228379047,NA,NA,NA,NA,NA,NA,NA,NA
250422,2010,100,34.0166666666667,100,0.43,1.58,48.545,49.5083333333333,66.67,57.145,336.71429938044,329.93062212544,0.267058702446679,0.0979798398067277,0.972275772735858,0.0277242272641426,0.411507155799689,0.295124151370398,0.0145594306865781,0.00160249508758347,0.0164227130059308,0.121197586031878,0.684597101319101,0.46145817268902,72.285,2.14,20.34,21.995,85.58,6.145,0.638,0.788
250422,2011,100,31.0983333333333,100,0.89,1.93,46.555,52.595,62.5,64.285,367.833290142555,363.394090130745,0.262284475659015,0.0670314137483746,0.973731884844234,0.0262681151557656,0.356656346471356,0.391140768107601,0.0107458219584283,0.00139649083460504,0.0157705019221206,0.114782573564056,0.612186004692914,0.463552414186152,NA,NA,NA,NA,NA,NA,NA,NA
250422,2012,99.06,27.205,100,0.985,2.66,NA,NA,43.75,57.14,362.979070733641,346.602941625349,0.254699900642459,0.0771988159207559,0.972637949656317,0.0273620503436828,0.413259013152151,0.410592049595966,0.0102414358743022,0.000611901297481187,0.0151625451741121,0.0635775316288296,0.6190431562734,0.477979567304072,NA,NA,NA,NA,NA,NA,NA,NA
250423,1991,NA,NA,NA,NA,NA,NA,NA,NA,NA,NA,NA,NA,NA,NA,NA,NA,NA,NA,NA,NA,NA,NA,NA,56.045,4.89,87.365,112.9,57.475,4.65,0.28325,0.5175
250423,2000,NA,NA,NA,NA,NA,NA,NA,NA,NA,NA,NA,NA,NA,NA,NA,NA,NA,NA,NA,NA,NA,NA,NA,63.46,3.01,47.77,61.415,68.935,5.005,0.411,0.641
250423,2007,NA,NA,NA,NA,NA,NA,NA,NA,NA,337.847323857172,317.659136546545,0.216513237757603,0.127287277893065,0.955178796853706,0.0448212031462941,0.946254236425339,0.0189571127579258,0,0.000845786327215315,0.000163089732750054,0,0.598791409509134,0.260716173774465,NA,NA,NA,NA,NA,NA,NA,NA
250423,2008,100,45.49,100,0.11,1.07,62.89,45.6175,33.33,0,382.217626576036,347.857518234888,0.219071254892868,0.050575889849613,0.974987674467525,0.0250123255324756,0.98925585929177,0,0,0.000197370159604386,0.00784112913404557,0,0.617160398683318,0.0337810501055628,NA,NA,NA,NA,NA,NA,NA,NA
250423,2009,100,39.5375,100,0.215,1.065,59.63,47.375,58.335,0,343.322650667263,335.99328874306,0.194702382156873,0.0756070618080937,0.978540418305567,0.0214595816944328,0.94275885422388,0.0564574184269057,0,0.000303822039733644,0.000418363965739934,0,0.633878999097438,0.164415983619124,NA,NA,NA,NA,NA,NA,NA,NA
250423,2010,100,37.3375,100,0.3,1.33,57.425,51.035,83.33,0,386.815899231842,376.750472808263,0.206371850037073,0.0818491960407111,0.973745256638204,0.0262547433617958,0.920854023753783,0.0653547039873925,5.1142094471031e-05,0.000288209985493393,0.00159390904097674,0,0.58282378975421,0.367668741683677,70.82,2.605,25,26.925,83.215,5.895,0.586,0.764
250423,2011,100,40.51,100,0.785,1.685,54.505,54.7725,37.5,35.715,432.77712459614,406.694535327732,0.199821262268608,0.122318365490382,0.944457261068618,0.0555427389313817,0.892872421927035,0.0824831719515524,0,6.42668208568475e-06,0.0010041231710162,0,0.56925115934621,0.355840489638036,NA,NA,NA,NA,NA,NA,NA,NA
250423,2012,100,37.015,100,0.595,1.79,NA,NA,18.75,78.57,488.578814916563,455.881586003592,0.211965387714806,0.104853070254724,0.934125999837675,0.0658740001623244,0.92133946696045,0.0701318437645794,0,0,0.00246305207420419,0,0.55685777751361,0.374123987814681,NA,NA,NA,NA,NA,NA,NA,NA
